MAILING_NAME,MAILING_ID,REPORT_ID,INTERVAL,ORIGINAL_HARD_BOUNCE,FORWARD_HARD_BOUNCE,ORIGINAL_SOFT_BOUNCE,FORWARD_SOFT_BOUNCE,ORIGINAL_GROSS_FORWARD,FORWARD_GROSS_FORWARD,ORIGINAL_GROSS_CONVERSION,FORWARD_GROSS_CONVERSION,OPT_IN,OPT_OUT,ORIGINAL_GROSS_CLICKSTREAM,FORWARD_GROSS_CLICKSTREAM,ORIGINAL_GROSS_CLICK_ALL,FORWARD_GROSS_CLICK_ALL,ORIGINAL_GROSS_DOCUMENT,FORWARD_GROSS_DOCUMENT,ORIGINAL_GROSS_MEDIA,FORWARD_GROSS_MEDIA,ORIGINAL_GROSS_OPEN_HTML,FORWARD_GROSS_OPEN_HTML,ORIGINAL_GROSS_OPEN_AOL,FORWARD_GROSS_OPEN_AOL,ORIGINAL_GROSS_OPEN_TEXT,FORWARD_GROSS_OPEN_TEXT,ORIGINAL_GROSS_OPEN_WEB,FORWARD_GROSS_OPEN_WEB,ORIGINAL_GROSS_CLICK_HTML,FORWARD_GROSS_CLICK_HTML,ORIGINAL_GROSS_CLICK_AOL,FORWARD_GROSS_CLICK_AOL,ORIGINAL_GROSS_CLICK_TEXT,FORWARD_GROSS_CLICK_TEXT,ORIGINAL_GROSS_CLICK_WEB,FORWARD_GROSS_CLICK_WEB
GL - OnePuttPro - 2026 - Sep 12 (1),25884371,3401019138,2026-09-12 08:15:00.0,0,0,0,0,0,0,0,0,0,0,0,0,442,0,0,0,0,0,435,0,0,0,0,0,0,0,7,0,0,0,0,0,0,0
GL - OnePuttPro - 2026 - Sep 12 (1),25884371,3401019138,2026-09-12 08:30:00.0,0,0,0,0,0,0,0,0,0,1,0,0,980,0,0,0,0,0,975,0,0,0,0,0,0,0,5,0,0,0,0,0,0,0
GL - OnePuttPro - 2026 - Sep 12 (1),25884371,3401019138,2026-09-12 10:30:00.0,0,0,1,0,0,0,0,0,0,1,0,0,1155,0,0,0,0,0,1145,0,0,0,0,0,0,0,10,0,0,0,0,0,0,0
GL - OnePuttPro - 2026 - Sep 12 (1),25884371,3401019138,2026-09-12 08:45:00.0,0,0,0,0,0,0,0,0,0,0,0,0,1086,0,0,0,0,0,1080,0,0,0,0,0,0,0,6,0,0,0,0,0,0,0
GL - OnePuttPro - 2026 - Sep 12 (1),25884371,3401019138,2026-09-12 09:00:00.0,0,0,0,0,0,0,0,0,0,1,0,0,1137,0,0,0,0,0,1134,0,0,0,0,0,0,0,3,0,0,0,0,0,0,0
GL - OnePuttPro - 2026 - Sep 12 (1),25884371,3401019138,2026-09-12 09:15:00.0,0,0,0,0,0,0,0,0,0,1,0,0,1090,0,0,0,0,0,1084,0,0,0,0,0,0,0,6,0,0,0,0,0,0,0
GL - OnePuttPro - 2026 - Sep 12 (1),25884371,3401019138,2026-09-12 09:30:00.0,0,0,0,0,0,0,0,0,0,2,0,0,1192,0,0,0,0,0,1188,0,0,0,0,0,0,0,4,0,0,0,0,0,0,0
GL - OnePuttPro - 2026 - Sep 12 (1),25884371,3401019138,2026-09-12 09:45:00.0,0,0,0,0,0,0,0,0,0,1,0,0,1232,0,0,0,0,0,1223,0,0,0,0,0,0,0,9,0,0,0,0,0,0,0
GL - OnePuttPro - 2026 - Sep 12 (1),25884371,3401019138,2026-09-12 10:00:00.0,0,0,2,0,0,0,0,0,0,1,0,0,1153,0,0,0,0,0,1144,0,0,0,0,0,0,0,9,0,0,0,0,0,0,0
GL - OnePuttPro - 2026 - Sep 12 (1),25884371,3401019138,2026-09-12 10:15:00.0,0,0,1,0,0,0,0,0,0,2,0,0,1148,0,0,0,0,0,1134,0,0,0,0,0,0,0,14,0,0,0,0,0,0,0
GL - OnePuttPro - 2026 - Sep 12 (1),25884371,3401019138,2026-09-12 13:00:00.0,0,0,0,0,0,0,0,0,0,3,0,0,1349,0,0,0,0,0,1333,0,0,0,0,0,0,0,16,0,0,0,0,0,0,0
GL - OnePuttPro - 2026 - Sep 12 (1),25884371,3401019138,2026-09-12 10:45:00.0,1,0,0,0,0,0,0,0,0,3,0,0,1212,0,0,0,0,0,1195,0,0,0,0,0,0,0,17,0,0,0,0,0,0,0
GL - OnePuttPro - 2026 - Sep 12 (1),25884371,3401019138,2026-09-12 11:00:00.0,0,0,1,0,0,0,0,0,0,2,0,0,1193,0,0,0,0,0,1188,0,0,0,0,0,0,0,5,0,0,0,0,0,0,0
GL - OnePuttPro - 2026 - Sep 12 (1),25884371,3401019138,2026-09-12 11:15:00.0,0,0,0,0,0,0,0,0,0,2,0,0,1234,0,0,0,0,0,1216,0,0,0,0,0,0,0,18,0,0,0,0,0,0,0
GL - OnePuttPro - 2026 - Sep 12 (1),25884371,3401019138,2026-09-12 11:30:00.0,0,0,1,0,0,0,0,0,0,0,0,0,1213,0,0,0,0,0,1207,0,0,0,0,0,0,0,6,0,0,0,0,0,0,0
GL - OnePuttPro - 2026 - Sep 12 (1),25884371,3401019138,2026-09-12 11:45:00.0,0,0,0,0,0,0,0,0,0,2,0,0,1182,0,0,0,0,0,1175,0,0,0,0,0,0,0,7,0,0,0,0,0,0,0
GL - OnePuttPro - 2026 - Sep 12 (1),25884371,3401019138,2026-09-12 12:00:00.0,0,0,2,0,0,0,0,0,0,4,0,0,1331,0,0,0,0,0,1320,0,0,0,0,0,0,0,11,0,0,0,0,0,0,0
GL - OnePuttPro - 2026 - Sep 12 (1),25884371,3401019138,2026-09-12 12:15:00.0,3,0,0,0,0,0,0,0,0,3,0,0,1308,0,0,0,0,0,1298,0,0,0,0,0,0,0,10,0,0,0,0,0,0,0
GL - OnePuttPro - 2026 - Sep 12 (1),25884371,3401019138,2026-09-12 12:30:00.0,0,0,0,0,0,0,0,0,0,1,0,0,1392,0,0,0,0,0,1382,0,0,0,0,0,0,0,10,0,0,0,0,0,0,0
GL - OnePuttPro - 2026 - Sep 12 (1),25884371,3401019138,2026-09-12 12:45:00.0,0,0,0,0,0,0,0,0,0,4,0,0,1357,0,0,0,0,0,1348,0,0,0,0,0,0,0,9,0,0,0,0,0,0,0
GL - OnePuttPro - 2026 - Sep 12 (1),25884371,3401019138,2026-09-12 15:30:00.0,0,0,1,0,0,0,0,0,0,0,0,0,1806,0,0,0,0,0,1792,0,0,0,0,0,0,0,14,0,0,0,0,0,0,0
GL - OnePuttPro - 2026 - Sep 12 (1),25884371,3401019138,2026-09-12 13:15:00.0,0,0,0,0,0,0,0,0,0,1,0,0,1350,0,0,0,0,0,1339,0,0,0,0,0,0,0,11,0,0,0,0,0,0,0
GL - OnePuttPro - 2026 - Sep 12 (1),25884371,3401019138,2026-09-12 13:30:00.0,1,0,1,0,0,0,0,0,0,4,0,0,1471,0,0,0,0,0,1460,0,0,0,0,0,0,0,11,0,0,0,0,0,0,0
GL - OnePuttPro - 2026 - Sep 12 (1),25884371,3401019138,2026-09-12 13:45:00.0,0,0,0,0,0,0,0,0,0,3,0,0,1498,0,0,0,0,0,1490,0,0,0,0,0,0,0,8,0,0,0,0,0,0,0
GL - OnePuttPro - 2026 - Sep 12 (1),25884371,3401019138,2026-09-12 14:00:00.0,0,0,0,0,0,0,0,0,0,1,0,0,1544,0,0,0,0,0,1535,0,0,0,0,0,0,0,9,0,0,0,0,0,0,0
GL - OnePuttPro - 2026 - Sep 12 (1),25884371,3401019138,2026-09-12 14:15:00.0,0,0,1,0,0,0,0,0,0,1,0,0,1475,0,0,0,0,0,1462,0,0,0,0,0,0,0,13,0,0,0,0,0,0,0
GL - OnePuttPro - 2026 - Sep 12 (1),25884371,3401019138,2026-09-12 14:30:00.0,0,0,2,0,0,0,0,0,0,2,0,0,1633,0,0,0,0,0,1626,0,0,0,0,0,0,0,7,0,0,0,0,0,0,0
GL - OnePuttPro - 2026 - Sep 12 (1),25884371,3401019138,2026-09-12 14:45:00.0,2,0,0,0,0,0,0,0,0,2,0,0,1587,0,0,0,0,0,1573,0,0,0,0,0,0,0,14,0,0,0,0,0,0,0
GL - OnePuttPro - 2026 - Sep 12 (1),25884371,3401019138,2026-09-12 15:00:00.0,0,0,1,0,0,0,0,0,0,4,0,0,1691,0,0,0,0,0,1674,0,0,0,0,0,0,0,17,0,0,0,0,0,0,0
GL - OnePuttPro - 2026 - Sep 12 (1),25884371,3401019138,2026-09-12 15:15:00.0,0,0,1,0,0,0,0,0,0,2,0,0,1734,0,0,0,0,0,1718,0,0,0,0,0,0,0,16,0,0,0,0,0,0,0
GL - OnePuttPro - 2026 - Sep 12 (1),25884371,3401019138,2026-09-12 18:00:00.0,0,0,0,0,0,0,0,0,0,5,0,0,2156,0,0,0,0,0,2145,0,0,0,0,0,0,0,11,0,0,0,0,0,0,0
GL - OnePuttPro - 2026 - Sep 12 (1),25884371,3401019138,2026-09-12 15:45:00.0,0,0,0,0,0,0,0,0,0,1,0,0,1804,0,0,0,0,0,1784,0,0,0,0,0,0,0,20,0,0,0,0,0,0,0
GL - OnePuttPro - 2026 - Sep 12 (1),25884371,3401019138,2026-09-12 16:00:00.0,0,0,0,0,0,0,0,0,0,4,0,0,1824,0,0,0,0,0,1811,0,0,0,0,0,0,0,13,0,0,0,0,0,0,0
GL - OnePuttPro - 2026 - Sep 12 (1),25884371,3401019138,2026-09-12 16:15:00.0,0,0,1,0,0,0,0,0,0,2,0,0,1864,0,0,0,0,0,1859,0,0,0,0,0,0,0,5,0,0,0,0,0,0,0
GL - OnePuttPro - 2026 - Sep 12 (1),25884371,3401019138,2026-09-12 16:30:00.0,0,0,0,0,0,0,0,0,0,2,0,0,1899,0,0,0,0,0,1881,0,0,0,0,0,0,0,18,0,0,0,0,0,0,0
GL - OnePuttPro - 2026 - Sep 12 (1),25884371,3401019138,2026-09-12 16:45:00.0,0,0,0,0,0,0,0,0,0,5,0,0,2016,0,0,0,0,0,2001,0,0,0,0,0,0,0,15,0,0,0,0,0,0,0
GL - OnePuttPro - 2026 - Sep 12 (1),25884371,3401019138,2026-09-12 17:00:00.0,0,0,1,0,0,0,0,0,0,4,0,0,2069,0,0,0,0,0,2042,0,0,0,0,0,0,0,27,0,0,0,0,0,0,0
GL - OnePuttPro - 2026 - Sep 12 (1),25884371,3401019138,2026-09-12 17:15:00.0,0,0,1,0,0,0,0,0,0,7,0,0,2133,0,0,0,0,0,2123,0,0,0,0,0,0,0,10,0,0,0,0,0,0,0
GL - OnePuttPro - 2026 - Sep 12 (1),25884371,3401019138,2026-09-12 17:30:00.0,0,0,0,0,0,0,0,0,0,6,0,0,2153,0,0,0,0,0,2143,0,0,0,0,0,0,0,10,0,0,0,0,0,0,0
GL - OnePuttPro - 2026 - Sep 12 (1),25884371,3401019138,2026-09-12 17:45:00.0,0,0,2,0,0,0,0,0,0,3,0,0,2146,0,0,0,0,0,2124,0,0,0,0,0,0,0,22,0,0,0,0,0,0,0
GL - OnePuttPro - 2026 - Sep 12 (1),25884371,3401019138,2026-09-12 20:30:00.0,0,0,0,0,0,0,0,0,0,1,0,0,1234,0,0,0,0,0,1231,0,0,0,0,0,0,0,3,0,0,0,0,0,0,0
GL - OnePuttPro - 2026 - Sep 12 (1),25884371,3401019138,2026-09-12 18:15:00.0,0,0,0,0,0,0,0,0,0,2,0,0,2061,0,0,0,0,0,2038,0,0,0,0,0,0,0,23,0,0,0,0,0,0,0
GL - OnePuttPro - 2026 - Sep 12 (1),25884371,3401019138,2026-09-12 18:30:00.0,0,0,0,0,0,0,0,0,0,1,0,0,1832,0,0,0,0,0,1827,0,0,0,0,0,0,0,5,0,0,0,0,0,0,0
GL - OnePuttPro - 2026 - Sep 12 (1),25884371,3401019138,2026-09-12 18:45:00.0,0,0,0,0,0,0,0,0,0,0,0,0,1499,0,0,0,0,0,1483,0,0,0,0,0,0,0,16,0,0,0,0,0,0,0
GL - OnePuttPro - 2026 - Sep 12 (1),25884371,3401019138,2026-09-12 19:00:00.0,0,0,0,0,0,0,0,0,0,3,0,0,1482,0,0,0,0,0,1469,0,0,0,0,0,0,0,13,0,0,0,0,0,0,0
GL - OnePuttPro - 2026 - Sep 12 (1),25884371,3401019138,2026-09-12 19:15:00.0,0,0,0,0,0,0,0,0,0,0,0,0,1376,0,0,0,0,0,1371,0,0,0,0,0,0,0,5,0,0,0,0,0,0,0
GL - OnePuttPro - 2026 - Sep 12 (1),25884371,3401019138,2026-09-12 19:30:00.0,0,0,0,0,0,0,0,0,0,2,0,0,1343,0,0,0,0,0,1338,0,0,0,0,0,0,0,5,0,0,0,0,0,0,0
GL - OnePuttPro - 2026 - Sep 12 (1),25884371,3401019138,2026-09-12 19:45:00.0,0,0,0,0,0,0,0,0,0,0,0,0,1242,0,0,0,0,0,1235,0,0,0,0,0,0,0,7,0,0,0,0,0,0,0
GL - OnePuttPro - 2026 - Sep 12 (1),25884371,3401019138,2026-09-12 20:00:00.0,0,0,0,0,0,0,0,0,0,1,0,0,1229,0,0,0,0,0,1222,0,0,0,0,0,0,0,7,0,0,0,0,0,0,0
GL - OnePuttPro - 2026 - Sep 12 (1),25884371,3401019138,2026-09-12 20:15:00.0,0,0,0,0,0,0,0,0,0,0,0,0,1254,0,0,0,0,0,1240,0,0,0,0,0,0,0,14,0,0,0,0,0,0,0
GL - OnePuttPro - 2026 - Sep 12 (1),25884371,3401019138,2026-09-12 23:00:00.0,0,0,0,0,0,0,0,0,0,0,0,0,1793,0,0,0,0,0,1791,0,0,0,0,0,0,0,2,0,0,0,0,0,0,0
GL - OnePuttPro - 2026 - Sep 12 (1),25884371,3401019138,2026-09-12 20:45:00.0,0,0,0,0,0,0,0,0,0,3,0,0,1235,0,0,0,0,0,1231,0,0,0,0,0,0,0,4,0,0,0,0,0,0,0
GL - OnePuttPro - 2026 - Sep 12 (1),25884371,3401019138,2026-09-12 21:00:00.0,0,0,0,0,0,0,0,0,0,1,0,0,1202,0,0,0,0,0,1195,0,0,0,0,0,0,0,7,0,0,0,0,0,0,0
GL - OnePuttPro - 2026 - Sep 12 (1),25884371,3401019138,2026-09-12 21:15:00.0,0,0,0,0,0,0,0,0,0,2,0,0,1318,0,0,0,0,0,1315,0,0,0,0,0,0,0,3,0,0,0,0,0,0,0
GL - OnePuttPro - 2026 - Sep 12 (1),25884371,3401019138,2026-09-12 21:30:00.0,0,0,0,0,0,0,0,0,0,0,0,0,1353,0,0,0,0,0,1348,0,0,0,0,0,0,0,5,0,0,0,0,0,0,0
GL - OnePuttPro - 2026 - Sep 12 (1),25884371,3401019138,2026-09-12 21:45:00.0,0,0,0,0,0,0,0,0,0,2,0,0,1469,0,0,0,0,0,1468,0,0,0,0,0,0,0,1,0,0,0,0,0,0,0
GL - OnePuttPro - 2026 - Sep 12 (1),25884371,3401019138,2026-09-12 22:00:00.0,0,0,0,0,0,0,0,0,0,1,0,0,1526,0,0,0,0,0,1522,0,0,0,0,0,0,0,4,0,0,0,0,0,0,0
GL - OnePuttPro - 2026 - Sep 12 (1),25884371,3401019138,2026-09-12 22:15:00.0,0,0,0,0,0,0,0,0,0,1,0,0,1541,0,0,0,0,0,1537,0,0,0,0,0,0,0,4,0,0,0,0,0,0,0
GL - OnePuttPro - 2026 - Sep 12 (1),25884371,3401019138,2026-09-12 22:30:00.0,0,0,0,0,0,0,0,0,0,2,0,0,1684,0,0,0,0,0,1684,0,0,0,0,0,0,0,0,0,0,0,0,0,0,0
GL - OnePuttPro - 2026 - Sep 12 (1),25884371,3401019138,2026-09-12 22:45:00.0,0,0,0,0,0,0,0,0,0,0,0,0,1732,0,0,0,0,0,1724,0,0,0,0,0,0,0,8,0,0,0,0,0,0,0
GL - OnePuttPro - 2026 - Sep 12 (1),25884371,3401019138,2026-09-13 01:30:00.0,0,0,0,0,0,0,0,0,0,0,0,0,1502,0,0,0,0,0,1502,0,0,0,0,0,0,0,0,0,0,0,0,0,0,0
GL - OnePuttPro - 2026 - Sep 12 (1),25884371,3401019138,2026-09-12 23:15:00.0,0,0,0,0,0,0,0,0,0,1,0,0,1785,0,0,0,0,0,1783,0,0,0,0,0,0,0,2,0,0,0,0,0,0,0
GL - OnePuttPro - 2026 - Sep 12 (1),25884371,3401019138,2026-09-12 23:30:00.0,0,0,0,0,0,0,0,0,0,0,0,0,1988,0,0,0,0,0,1987,0,0,0,0,0,0,0,1,0,0,0,0,0,0,0
GL - OnePuttPro - 2026 - Sep 12 (1),25884371,3401019138,2026-09-12 23:45:00.0,0,0,0,0,0,0,0,0,0,0,0,0,2127,0,0,0,0,0,2125,0,0,0,0,0,0,0,2,0,0,0,0,0,0,0
GL - OnePuttPro - 2026 - Sep 12 (1),25884371,3401019138,2026-09-13 00:00:00.0,0,0,0,0,0,0,0,0,0,0,0,0,2218,0,0,0,0,0,2214,0,0,0,0,0,0,0,4,0,0,0,0,0,0,0
GL - OnePuttPro - 2026 - Sep 12 (1),25884371,3401019138,2026-09-13 00:15:00.0,0,0,0,0,0,0,0,0,0,0,0,0,2147,0,0,0,0,0,2146,0,0,0,0,0,0,0,1,0,0,0,0,0,0,0
GL - OnePuttPro - 2026 - Sep 12 (1),25884371,3401019138,2026-09-13 00:30:00.0,0,0,0,0,0,0,0,0,0,0,0,0,2059,0,0,0,0,0,2059,0,0,0,0,0,0,0,0,0,0,0,0,0,0,0
GL - OnePuttPro - 2026 - Sep 12 (1),25884371,3401019138,2026-09-13 00:45:00.0,0,0,0,0,0,0,0,0,0,0,0,0,1929,0,0,0,0,0,1929,0,0,0,0,0,0,0,0,0,0,0,0,0,0,0
GL - OnePuttPro - 2026 - Sep 12 (1),25884371,3401019138,2026-09-13 01:00:00.0,0,0,0,0,0,0,0,0,0,0,0,0,1806,0,0,0,0,0,1803,0,0,0,0,0,0,0,3,0,0,0,0,0,0,0
GL - OnePuttPro - 2026 - Sep 12 (1),25884371,3401019138,2026-09-13 01:15:00.0,0,0,0,0,0,0,0,0,0,1,0,0,1688,0,0,0,0,0,1686,0,0,0,0,0,0,0,2,0,0,0,0,0,0,0
GL - OnePuttPro - 2026 - Sep 12 (1),25884371,3401019138,2026-09-13 04:00:00.0,0,0,0,0,0,0,0,0,0,0,0,0,492,0,0,0,0,0,491,0,0,0,0,0,0,0,1,0,0,0,0,0,0,0
GL - OnePuttPro - 2026 - Sep 12 (1),25884371,3401019138,2026-09-13 01:45:00.0,0,0,0,0,0,0,0,0,0,0,0,0,1394,0,0,0,0,0,1389,0,0,0,0,0,0,0,5,0,0,0,0,0,0,0
GL - OnePuttPro - 2026 - Sep 12 (1),25884371,3401019138,2026-09-13 02:00:00.0,0,0,0,0,0,0,0,0,0,1,0,0,1220,0,0,0,0,0,1207,0,0,0,0,0,0,0,13,0,0,0,0,0,0,0
GL - OnePuttPro - 2026 - Sep 12 (1),25884371,3401019138,2026-09-13 02:15:00.0,0,0,0,0,0,0,0,0,0,0,0,0,1071,0,0,0,0,0,1067,0,0,0,0,0,0,0,4,0,0,0,0,0,0,0
GL - OnePuttPro - 2026 - Sep 12 (1),25884371,3401019138,2026-09-13 02:30:00.0,0,0,0,0,0,0,0,0,0,0,0,0,973,0,0,0,0,0,972,0,0,0,0,0,0,0,1,0,0,0,0,0,0,0
GL - OnePuttPro - 2026 - Sep 12 (1),25884371,3401019138,2026-09-13 02:45:00.0,0,0,0,0,0,0,0,0,0,0,0,0,820,0,0,0,0,0,819,0,0,0,0,0,0,0,1,0,0,0,0,0,0,0
GL - OnePuttPro - 2026 - Sep 12 (1),25884371,3401019138,2026-09-13 03:00:00.0,0,0,0,0,0,0,0,0,0,0,0,0,825,0,0,0,0,0,825,0,0,0,0,0,0,0,0,0,0,0,0,0,0,0
GL - OnePuttPro - 2026 - Sep 12 (1),25884371,3401019138,2026-09-13 03:15:00.0,0,0,0,0,0,0,0,0,0,0,0,0,715,0,0,0,0,0,711,0,0,0,0,0,0,0,4,0,0,0,0,0,0,0
GL - OnePuttPro - 2026 - Sep 12 (1),25884371,3401019138,2026-09-13 03:30:00.0,0,0,0,0,0,0,0,0,0,1,0,0,647,0,0,0,0,0,645,0,0,0,0,0,0,0,2,0,0,0,0,0,0,0
GL - OnePuttPro - 2026 - Sep 12 (1),25884371,3401019138,2026-09-13 03:45:00.0,0,0,0,0,0,0,0,0,0,0,0,0,556,0,0,0,0,0,554,0,0,0,0,0,0,0,2,0,0,0,0,0,0,0
GL - OnePuttPro - 2026 - Sep 12 (1),25884371,3401019138,2026-09-13 06:30:00.0,0,0,0,0,0,0,0,0,0,1,0,0,277,0,0,0,0,0,266,0,0,0,0,0,0,0,11,0,0,0,0,0,0,0
GL - OnePuttPro - 2026 - Sep 12 (1),25884371,3401019138,2026-09-13 04:15:00.0,0,0,0,0,0,0,0,0,0,0,0,0,445,0,0,0,0,0,444,0,0,0,0,0,0,0,1,0,0,0,0,0,0,0
GL - OnePuttPro - 2026 - Sep 12 (1),25884371,3401019138,2026-09-13 04:30:00.0,0,0,0,0,0,0,0,0,0,0,0,0,381,0,0,0,0,0,377,0,0,0,0,0,0,0,4,0,0,0,0,0,0,0
GL - OnePuttPro - 2026 - Sep 12 (1),25884371,3401019138,2026-09-13 04:45:00.0,0,0,0,0,0,0,0,0,0,0,0,0,313,0,0,0,0,0,311,0,0,0,0,0,0,0,2,0,0,0,0,0,0,0
GL - OnePuttPro - 2026 - Sep 12 (1),25884371,3401019138,2026-09-13 05:00:00.0,0,0,0,0,0,0,0,0,0,0,0,0,308,0,0,0,0,0,308,0,0,0,0,0,0,0,0,0,0,0,0,0,0,0
GL - OnePuttPro - 2026 - Sep 12 (1),25884371,3401019138,2026-09-13 05:15:00.0,0,0,0,0,0,0,0,0,0,0,0,0,286,0,0,0,0,0,285,0,0,0,0,0,0,0,1,0,0,0,0,0,0,0
GL - OnePuttPro - 2026 - Sep 12 (1),25884371,3401019138,2026-09-13 05:30:00.0,0,0,0,0,0,0,0,0,0,0,0,0,284,0,0,0,0,0,283,0,0,0,0,0,0,0,1,0,0,0,0,0,0,0
GL - OnePuttPro - 2026 - Sep 12 (1),25884371,3401019138,2026-09-13 05:45:00.0,0,0,0,0,0,0,0,0,0,0,0,0,279,0,0,0,0,0,278,0,0,0,0,0,0,0,1,0,0,0,0,0,0,0
GL - OnePuttPro - 2026 - Sep 12 (1),25884371,3401019138,2026-09-13 06:00:00.0,0,0,0,0,0,0,0,0,0,0,0,0,267,0,0,0,0,0,267,0,0,0,0,0,0,0,0,0,0,0,0,0,0,0
GL - OnePuttPro - 2026 - Sep 12 (1),25884371,3401019138,2026-09-13 06:15:00.0,0,0,0,0,0,0,0,0,0,0,0,0,267,0,0,0,0,0,264,0,0,0,0,0,0,0,3,0,0,0,0,0,0,0
GL - OnePuttPro - 2026 - Sep 12 (1),25884371,3401019138,2026-09-13 09:00:00.0,0,0,1,0,0,0,0,0,0,2,0,0,363,0,0,0,0,0,363,0,0,0,0,0,0,0,0,0,0,0,0,0,0,0
GL - OnePuttPro - 2026 - Sep 12 (1),25884371,3401019138,2026-09-13 06:45:00.0,0,0,0,0,0,0,0,0,0,0,0,0,264,0,0,0,0,0,263,0,0,0,0,0,0,0,1,0,0,0,0,0,0,0
GL - OnePuttPro - 2026 - Sep 12 (1),25884371,3401019138,2026-09-13 07:00:00.0,0,0,0,0,0,0,0,0,0,1,0,0,268,0,0,0,0,0,267,0,0,0,0,0,0,0,1,0,0,0,0,0,0,0
GL - OnePuttPro - 2026 - Sep 12 (1),25884371,3401019138,2026-09-13 07:15:00.0,0,0,0,0,0,0,0,0,0,0,0,0,304,0,0,0,0,0,301,0,0,0,0,0,0,0,3,0,0,0,0,0,0,0
GL - OnePuttPro - 2026 - Sep 12 (1),25884371,3401019138,2026-09-13 07:30:00.0,0,0,0,0,0,0,0,0,0,0,0,0,291,0,0,0,0,0,289,0,0,0,0,0,0,0,2,0,0,0,0,0,0,0
GL - OnePuttPro - 2026 - Sep 12 (1),25884371,3401019138,2026-09-13 07:45:00.0,0,0,0,0,0,0,0,0,0,0,0,0,340,0,0,0,0,0,338,0,0,0,0,0,0,0,2,0,0,0,0,0,0,0
GL - OnePuttPro - 2026 - Sep 12 (1),25884371,3401019138,2026-09-13 08:00:00.0,0,0,0,0,0,0,0,0,0,1,0,0,336,0,0,0,0,0,332,0,0,0,0,0,0,0,4,0,0,0,0,0,0,0
GL - OnePuttPro - 2026 - Sep 12 (1),25884371,3401019138,2026-09-13 08:15:00.0,0,0,0,0,0,0,0,0,0,0,0,0,355,0,0,0,0,0,354,0,0,0,0,0,0,0,1,0,0,0,0,0,0,0
GL - OnePuttPro - 2026 - Sep 12 (1),25884371,3401019138,2026-09-13 08:30:00.0,0,0,1,0,0,0,0,0,0,2,0,0,370,0,0,0,0,0,369,0,0,0,0,0,0,0,1,0,0,0,0,0,0,0
GL - OnePuttPro - 2026 - Sep 12 (1),25884371,3401019138,2026-09-13 08:45:00.0,0,0,0,0,0,0,0,0,0,1,0,0,416,0,0,0,0,0,414,0,0,0,0,0,0,0,2,0,0,0,0,0,0,0
GL - OnePuttPro - 2026 - Sep 12 (1),25884371,3401019138,2026-09-13 11:30:00.0,0,0,0,0,0,0,0,0,0,1,0,0,407,0,0,0,0,0,403,0,0,0,0,0,0,0,4,0,0,0,0,0,0,0
GL - OnePuttPro - 2026 - Sep 12 (1),25884371,3401019138,2026-09-13 09:15:00.0,0,0,0,0,0,0,0,0,0,1,0,0,398,0,0,0,0,0,397,0,0,0,0,0,0,0,1,0,0,0,0,0,0,0
GL - OnePuttPro - 2026 - Sep 12 (1),25884371,3401019138,2026-09-13 09:30:00.0,0,0,0,0,0,0,0,0,0,1,0,0,374,0,0,0,0,0,374,0,0,0,0,0,0,0,0,0,0,0,0,0,0,0
GL - OnePuttPro - 2026 - Sep 12 (1),25884371,3401019138,2026-09-13 09:45:00.0,0,0,1,0,0,0,0,0,0,0,0,0,369,0,0,0,0,0,365,0,0,0,0,0,0,0,4,0,0,0,0,0,0,0
GL - OnePuttPro - 2026 - Sep 12 (1),25884371,3401019138,2026-09-13 10:00:00.0,0,0,0,0,0,0,0,0,0,0,0,0,378,0,0,0,0,0,377,0,0,0,0,0,0,0,1,0,0,0,0,0,0,0
GL - OnePuttPro - 2026 - Sep 12 (1),25884371,3401019138,2026-09-13 10:15:00.0,0,0,0,0,0,0,0,0,0,0,0,0,403,0,0,0,0,0,401,0,0,0,0,0,0,0,2,0,0,0,0,0,0,0
GL - OnePuttPro - 2026 - Sep 12 (1),25884371,3401019138,2026-09-13 10:30:00.0,0,0,0,0,0,0,0,0,0,1,0,0,404,0,0,0,0,0,403,0,0,0,0,0,0,0,1,0,0,0,0,0,0,0
GL - OnePuttPro - 2026 - Sep 12 (1),25884371,3401019138,2026-09-13 10:45:00.0,0,0,0,0,0,0,0,0,0,1,0,0,367,0,0,0,0,0,367,0,0,0,0,0,0,0,0,0,0,0,0,0,0,0
GL - OnePuttPro - 2026 - Sep 12 (1),25884371,3401019138,2026-09-13 11:00:00.0,0,0,0,0,0,0,0,0,0,2,0,0,371,0,0,0,0,0,369,0,0,0,0,0,0,0,2,0,0,0,0,0,0,0
GL - OnePuttPro - 2026 - Sep 12 (1),25884371,3401019138,2026-09-13 11:15:00.0,0,0,0,0,0,0,0,0,0,0,0,0,356,0,0,0,0,0,353,0,0,0,0,0,0,0,3,0,0,0,0,0,0,0
GL - OnePuttPro - 2026 - Sep 12 (1),25884371,3401019138,2026-09-13 14:00:00.0,0,0,0,0,0,0,0,0,0,1,0,0,214,0,0,0,0,0,214,0,0,0,0,0,0,0,0,0,0,0,0,0,0,0
GL - OnePuttPro - 2026 - Sep 12 (1),25884371,3401019138,2026-09-13 11:45:00.0,0,0,0,0,0,0,0,0,0,0,0,0,318,0,0,0,0,0,316,0,0,0,0,0,0,0,2,0,0,0,0,0,0,0
GL - OnePuttPro - 2026 - Sep 12 (1),25884371,3401019138,2026-09-13 12:00:00.0,0,0,0,0,0,0,0,0,0,0,0,0,303,0,0,0,0,0,301,0,0,0,0,0,0,0,2,0,0,0,0,0,0,0
GL - OnePuttPro - 2026 - Sep 12 (1),25884371,3401019138,2026-09-13 12:15:00.0,0,0,0,0,0,0,0,0,0,1,0,0,315,0,0,0,0,0,311,0,0,0,0,0,0,0,4,0,0,0,0,0,0,0
GL - OnePuttPro - 2026 - Sep 12 (1),25884371,3401019138,2026-09-13 12:30:00.0,0,0,0,0,0,0,0,0,0,1,0,0,290,0,0,0,0,0,290,0,0,0,0,0,0,0,0,0,0,0,0,0,0,0
GL - OnePuttPro - 2026 - Sep 12 (1),25884371,3401019138,2026-09-13 12:45:00.0,0,0,2,0,0,0,0,0,0,1,0,0,289,0,0,0,0,0,288,0,0,0,0,0,0,0,1,0,0,0,0,0,0,0
GL - OnePuttPro - 2026 - Sep 12 (1),25884371,3401019138,2026-09-13 13:00:00.0,0,0,0,0,0,0,0,0,0,0,0,0,283,0,0,0,0,0,283,0,0,0,0,0,0,0,0,0,0,0,0,0,0,0
GL - OnePuttPro - 2026 - Sep 12 (1),25884371,3401019138,2026-09-13 13:15:00.0,0,0,0,0,0,0,0,0,0,1,0,0,277,0,0,0,0,0,274,0,0,0,0,0,0,0,3,0,0,0,0,0,0,0
GL - OnePuttPro - 2026 - Sep 12 (1),25884371,3401019138,2026-09-13 13:30:00.0,0,0,0,0,0,0,0,0,0,0,0,0,243,0,0,0,0,0,241,0,0,0,0,0,0,0,2,0,0,0,0,0,0,0
GL - OnePuttPro - 2026 - Sep 12 (1),25884371,3401019138,2026-09-13 13:45:00.0,0,0,0,0,0,0,0,0,0,0,0,0,253,0,0,0,0,0,243,0,0,0,0,0,0,0,10,0,0,0,0,0,0,0
GL - OnePuttPro - 2026 - Sep 12 (1),25884371,3401019138,2026-09-13 16:30:00.0,0,0,1,0,0,0,0,0,0,2,0,0,208,0,0,0,0,0,207,0,0,0,0,0,0,0,1,0,0,0,0,0,0,0
GL - OnePuttPro - 2026 - Sep 12 (1),25884371,3401019138,2026-09-13 14:15:00.0,0,0,1,0,0,0,0,0,0,0,0,0,252,0,0,0,0,0,248,0,0,0,0,0,0,0,4,0,0,0,0,0,0,0
GL - OnePuttPro - 2026 - Sep 12 (1),25884371,3401019138,2026-09-13 14:30:00.0,0,0,0,0,0,0,0,0,0,0,0,0,231,0,0,0,0,0,230,0,0,0,0,0,0,0,1,0,0,0,0,0,0,0
GL - OnePuttPro - 2026 - Sep 12 (1),25884371,3401019138,2026-09-13 14:45:00.0,0,0,0,0,0,0,0,0,0,0,0,0,256,0,0,0,0,0,255,0,0,0,0,0,0,0,1,0,0,0,0,0,0,0
GL - OnePuttPro - 2026 - Sep 12 (1),25884371,3401019138,2026-09-13 15:00:00.0,0,0,1,0,0,0,0,0,0,0,0,0,208,0,0,0,0,0,207,0,0,0,0,0,0,0,1,0,0,0,0,0,0,0
GL - OnePuttPro - 2026 - Sep 12 (1),25884371,3401019138,2026-09-13 15:15:00.0,0,0,1,0,0,0,0,0,0,1,0,0,208,0,0,0,0,0,207,0,0,0,0,0,0,0,1,0,0,0,0,0,0,0
GL - OnePuttPro - 2026 - Sep 12 (1),25884371,3401019138,2026-09-13 15:30:00.0,0,0,0,0,0,0,0,0,0,2,0,0,213,0,0,0,0,0,212,0,0,0,0,0,0,0,1,0,0,0,0,0,0,0
GL - OnePuttPro - 2026 - Sep 12 (1),25884371,3401019138,2026-09-13 15:45:00.0,0,0,3,0,0,0,0,0,0,1,0,0,190,0,0,0,0,0,188,0,0,0,0,0,0,0,2,0,0,0,0,0,0,0
GL - OnePuttPro - 2026 - Sep 12 (1),25884371,3401019138,2026-09-13 16:00:00.0,0,0,0,0,0,0,0,0,0,0,0,0,188,0,0,0,0,0,187,0,0,0,0,0,0,0,1,0,0,0,0,0,0,0
GL - OnePuttPro - 2026 - Sep 12 (1),25884371,3401019138,2026-09-13 16:15:00.0,0,0,1,0,0,0,0,0,0,1,0,0,200,0,0,0,0,0,200,0,0,0,0,0,0,0,0,0,0,0,0,0,0,0
GL - OnePuttPro - 2026 - Sep 12 (1),25884371,3401019138,2026-09-13 19:00:00.0,0,0,1,0,0,0,0,0,0,1,0,0,224,0,0,0,0,0,224,0,0,0,0,0,0,0,0,0,0,0,0,0,0,0
GL - OnePuttPro - 2026 - Sep 12 (1),25884371,3401019138,2026-09-13 16:45:00.0,0,0,0,0,0,0,0,0,0,1,0,0,213,0,0,0,0,0,211,0,0,0,0,0,0,0,2,0,0,0,0,0,0,0
GL - OnePuttPro - 2026 - Sep 12 (1),25884371,3401019138,2026-09-13 17:00:00.0,0,0,0,0,0,0,0,0,0,1,0,0,197,0,0,0,0,0,197,0,0,0,0,0,0,0,0,0,0,0,0,0,0,0
GL - OnePuttPro - 2026 - Sep 12 (1),25884371,3401019138,2026-09-13 17:15:00.0,0,0,1,0,0,0,0,0,0,0,0,0,188,0,0,0,0,0,187,0,0,0,0,0,0,0,1,0,0,0,0,0,0,0
GL - OnePuttPro - 2026 - Sep 12 (1),25884371,3401019138,2026-09-13 17:30:00.0,0,0,1,0,0,0,0,0,0,1,0,0,208,0,0,0,0,0,206,0,0,0,0,0,0,0,2,0,0,0,0,0,0,0
GL - OnePuttPro - 2026 - Sep 12 (1),25884371,3401019138,2026-09-13 17:45:00.0,0,0,0,0,0,0,0,0,0,2,0,0,201,0,0,0,0,0,201,0,0,0,0,0,0,0,0,0,0,0,0,0,0,0
GL - OnePuttPro - 2026 - Sep 12 (1),25884371,3401019138,2026-09-13 18:00:00.0,0,0,1,0,0,0,0,0,0,0,0,0,226,0,0,0,0,0,225,0,0,0,0,0,0,0,1,0,0,0,0,0,0,0
GL - OnePuttPro - 2026 - Sep 12 (1),25884371,3401019138,2026-09-13 18:15:00.0,0,0,1,0,0,0,0,0,0,1,0,0,224,0,0,0,0,0,224,0,0,0,0,0,0,0,0,0,0,0,0,0,0,0
GL - OnePuttPro - 2026 - Sep 12 (1),25884371,3401019138,2026-09-13 18:30:00.0,0,0,1,0,0,0,0,0,0,0,0,0,190,0,0,0,0,0,189,0,0,0,0,0,0,0,1,0,0,0,0,0,0,0
GL - OnePuttPro - 2026 - Sep 12 (1),25884371,3401019138,2026-09-13 18:45:00.0,0,0,0,0,0,0,0,0,0,2,0,0,209,0,0,0,0,0,208,0,0,0,0,0,0,0,1,0,0,0,0,0,0,0
GL - OnePuttPro - 2026 - Sep 12 (1),25884371,3401019138,2026-09-13 21:30:00.0,0,0,0,0,0,0,0,0,0,0,0,0,193,0,0,0,0,0,191,0,0,0,0,0,0,0,2,0,0,0,0,0,0,0
GL - OnePuttPro - 2026 - Sep 12 (1),25884371,3401019138,2026-09-13 19:15:00.0,0,0,0,0,0,0,0,0,0,0,0,0,204,0,0,0,0,0,204,0,0,0,0,0,0,0,0,0,0,0,0,0,0,0
GL - OnePuttPro - 2026 - Sep 12 (1),25884371,3401019138,2026-09-13 19:30:00.0,0,0,0,0,0,0,0,0,0,0,0,0,183,0,0,0,0,0,183,0,0,0,0,0,0,0,0,0,0,0,0,0,0,0
GL - OnePuttPro - 2026 - Sep 12 (1),25884371,3401019138,2026-09-13 19:45:00.0,0,0,3,0,0,0,0,0,0,0,0,0,183,0,0,0,0,0,182,0,0,0,0,0,0,0,1,0,0,0,0,0,0,0
GL - OnePuttPro - 2026 - Sep 12 (1),25884371,3401019138,2026-09-13 20:00:00.0,0,0,0,0,0,0,0,0,0,0,0,0,181,0,0,0,0,0,179,0,0,0,0,0,0,0,2,0,0,0,0,0,0,0
GL - OnePuttPro - 2026 - Sep 12 (1),25884371,3401019138,2026-09-13 20:15:00.0,0,0,1,0,0,0,0,0,0,1,0,0,188,0,0,0,0,0,188,0,0,0,0,0,0,0,0,0,0,0,0,0,0,0
GL - OnePuttPro - 2026 - Sep 12 (1),25884371,3401019138,2026-09-13 20:30:00.0,0,0,0,0,0,0,0,0,0,1,0,0,201,0,0,0,0,0,200,0,0,0,0,0,0,0,1,0,0,0,0,0,0,0
GL - OnePuttPro - 2026 - Sep 12 (1),25884371,3401019138,2026-09-13 20:45:00.0,0,0,0,0,0,0,0,0,0,0,0,0,200,0,0,0,0,0,198,0,0,0,0,0,0,0,2,0,0,0,0,0,0,0
GL - OnePuttPro - 2026 - Sep 12 (1),25884371,3401019138,2026-09-13 21:00:00.0,0,0,1,0,0,0,0,0,0,0,0,0,196,0,0,0,0,0,195,0,0,0,0,0,0,0,1,0,0,0,0,0,0,0
GL - OnePuttPro - 2026 - Sep 12 (1),25884371,3401019138,2026-09-13 21:15:00.0,0,0,1,0,0,0,0,0,0,0,0,0,219,0,0,0,0,0,219,0,0,0,0,0,0,0,0,0,0,0,0,0,0,0
GL - OnePuttPro - 2026 - Sep 12 (1),25884371,3401019138,2026-09-14 00:00:00.0,0,0,0,0,0,0,0,0,0,0,0,0,229,0,0,0,0,0,228,0,0,0,0,0,0,0,1,0,0,0,0,0,0,0
GL - OnePuttPro - 2026 - Sep 12 (1),25884371,3401019138,2026-09-13 21:45:00.0,0,0,0,0,0,0,0,0,0,0,0,0,236,0,0,0,0,0,235,0,0,0,0,0,0,0,1,0,0,0,0,0,0,0
GL - OnePuttPro - 2026 - Sep 12 (1),25884371,3401019138,2026-09-13 22:00:00.0,0,0,1,0,0,0,0,0,0,0,0,0,213,0,0,0,0,0,213,0,0,0,0,0,0,0,0,0,0,0,0,0,0,0
GL - OnePuttPro - 2026 - Sep 12 (1),25884371,3401019138,2026-09-13 22:15:00.0,0,0,1,0,0,0,0,0,0,0,0,0,241,0,0,0,0,0,239,0,0,0,0,0,0,0,2,0,0,0,0,0,0,0
GL - OnePuttPro - 2026 - Sep 12 (1),25884371,3401019138,2026-09-13 22:30:00.0,0,0,3,0,0,0,0,0,0,0,0,0,250,0,0,0,0,0,250,0,0,0,0,0,0,0,0,0,0,0,0,0,0,0
GL - OnePuttPro - 2026 - Sep 12 (1),25884371,3401019138,2026-09-13 22:45:00.0,0,0,0,0,0,0,0,0,0,0,0,0,264,0,0,0,0,0,264,0,0,0,0,0,0,0,0,0,0,0,0,0,0,0
GL - OnePuttPro - 2026 - Sep 12 (1),25884371,3401019138,2026-09-13 23:00:00.0,0,0,0,0,0,0,0,0,0,1,0,0,242,0,0,0,0,0,241,0,0,0,0,0,0,0,1,0,0,0,0,0,0,0
GL - OnePuttPro - 2026 - Sep 12 (1),25884371,3401019138,2026-09-13 23:15:00.0,0,0,0,0,0,0,0,0,0,1,0,0,253,0,0,0,0,0,252,0,0,0,0,0,0,0,1,0,0,0,0,0,0,0
GL - OnePuttPro - 2026 - Sep 12 (1),25884371,3401019138,2026-09-13 23:30:00.0,0,0,1,0,0,0,0,0,0,0,0,0,271,0,0,0,0,0,270,0,0,0,0,0,0,0,1,0,0,0,0,0,0,0
GL - OnePuttPro - 2026 - Sep 12 (1),25884371,3401019138,2026-09-13 23:45:00.0,0,0,1,0,0,0,0,0,0,0,0,0,236,0,0,0,0,0,236,0,0,0,0,0,0,0,0,0,0,0,0,0,0,0
GL - OnePuttPro - 2026 - Sep 12 (1),25884371,3401019138,2026-09-14 02:30:00.0,0,0,0,0,0,0,0,0,0,0,0,0,137,0,0,0,0,0,137,0,0,0,0,0,0,0,0,0,0,0,0,0,0,0
GL - OnePuttPro - 2026 - Sep 12 (1),25884371,3401019138,2026-09-14 00:15:00.0,0,0,0,0,0,0,0,0,0,0,0,0,235,0,0,0,0,0,235,0,0,0,0,0,0,0,0,0,0,0,0,0,0,0
GL - OnePuttPro - 2026 - Sep 12 (1),25884371,3401019138,2026-09-14 00:30:00.0,0,0,0,0,0,0,0,0,0,0,0,0,225,0,0,0,0,0,224,0,0,0,0,0,0,0,1,0,0,0,0,0,0,0
GL - OnePuttPro - 2026 - Sep 12 (1),25884371,3401019138,2026-09-14 00:45:00.0,0,0,0,0,0,0,0,0,0,0,0,0,214,0,0,0,0,0,214,0,0,0,0,0,0,0,0,0,0,0,0,0,0,0
GL - OnePuttPro - 2026 - Sep 12 (1),25884371,3401019138,2026-09-14 01:00:00.0,0,0,0,0,0,0,0,0,0,0,0,0,208,0,0,0,0,0,208,0,0,0,0,0,0,0,0,0,0,0,0,0,0,0
GL - OnePuttPro - 2026 - Sep 12 (1),25884371,3401019138,2026-09-14 01:15:00.0,0,0,0,0,0,0,0,0,0,0,0,0,178,0,0,0,0,0,178,0,0,0,0,0,0,0,0,0,0,0,0,0,0,0
GL - OnePuttPro - 2026 - Sep 12 (1),25884371,3401019138,2026-09-14 01:30:00.0,0,0,0,0,0,0,0,0,0,0,0,0,159,0,0,0,0,0,159,0,0,0,0,0,0,0,0,0,0,0,0,0,0,0
GL - OnePuttPro - 2026 - Sep 12 (1),25884371,3401019138,2026-09-14 01:45:00.0,0,0,0,0,0,0,0,0,0,0,0,0,168,0,0,0,0,0,168,0,0,0,0,0,0,0,0,0,0,0,0,0,0,0
GL - OnePuttPro - 2026 - Sep 12 (1),25884371,3401019138,2026-09-14 02:00:00.0,0,0,0,0,0,0,0,0,0,1,0,0,159,0,0,0,0,0,159,0,0,0,0,0,0,0,0,0,0,0,0,0,0,0
GL - OnePuttPro - 2026 - Sep 12 (1),25884371,3401019138,2026-09-14 02:15:00.0,0,0,0,0,0,0,0,0,0,0,0,0,128,0,0,0,0,0,128,0,0,0,0,0,0,0,0,0,0,0,0,0,0,0
GL - OnePuttPro - 2026 - Sep 12 (1),25884371,3401019138,2026-09-14 05:00:00.0,0,0,0,0,0,0,0,0,0,0,0,0,63,0,0,0,0,0,63,0,0,0,0,0,0,0,0,0,0,0,0,0,0,0
GL - OnePuttPro - 2026 - Sep 12 (1),25884371,3401019138,2026-09-14 02:45:00.0,0,0,0,0,0,0,0,0,0,0,0,0,126,0,0,0,0,0,126,0,0,0,0,0,0,0,0,0,0,0,0,0,0,0
GL - OnePuttPro - 2026 - Sep 12 (1),25884371,3401019138,2026-09-14 03:00:00.0,0,0,0,0,0,0,0,0,0,0,0,0,111,0,0,0,0,0,110,0,0,0,0,0,0,0,1,0,0,0,0,0,0,0
GL - OnePuttPro - 2026 - Sep 12 (1),25884371,3401019138,2026-09-14 03:15:00.0,0,0,0,0,0,0,0,0,0,0,0,0,94,0,0,0,0,0,94,0,0,0,0,0,0,0,0,0,0,0,0,0,0,0
GL - OnePuttPro - 2026 - Sep 12 (1),25884371,3401019138,2026-09-14 03:30:00.0,0,0,0,0,0,0,0,0,0,0,0,0,109,0,0,0,0,0,109,0,0,0,0,0,0,0,0,0,0,0,0,0,0,0
GL - OnePuttPro - 2026 - Sep 12 (1),25884371,3401019138,2026-09-14 03:45:00.0,0,0,0,0,0,0,0,0,0,1,0,0,99,0,0,0,0,0,99,0,0,0,0,0,0,0,0,0,0,0,0,0,0,0
GL - OnePuttPro - 2026 - Sep 12 (1),25884371,3401019138,2026-09-14 04:00:00.0,0,0,0,0,0,0,0,0,0,0,0,0,65,0,0,0,0,0,65,0,0,0,0,0,0,0,0,0,0,0,0,0,0,0
GL - OnePuttPro - 2026 - Sep 12 (1),25884371,3401019138,2026-09-14 04:15:00.0,0,0,0,0,0,0,0,0,0,0,0,0,74,0,0,0,0,0,74,0,0,0,0,0,0,0,0,0,0,0,0,0,0,0
GL - OnePuttPro - 2026 - Sep 12 (1),25884371,3401019138,2026-09-14 04:30:00.0,0,0,0,0,0,0,0,0,0,0,0,0,78,0,0,0,0,0,76,0,0,0,0,0,0,0,2,0,0,0,0,0,0,0
GL - OnePuttPro - 2026 - Sep 12 (1),25884371,3401019138,2026-09-14 04:45:00.0,0,0,0,0,0,0,0,0,0,0,0,0,57,0,0,0,0,0,55,0,0,0,0,0,0,0,2,0,0,0,0,0,0,0
GL - OnePuttPro - 2026 - Sep 12 (1),25884371,3401019138,2026-09-14 07:30:00.0,0,0,0,0,0,0,0,0,0,1,0,0,98,0,0,0,0,0,98,0,0,0,0,0,0,0,0,0,0,0,0,0,0,0
GL - OnePuttPro - 2026 - Sep 12 (1),25884371,3401019138,2026-09-14 05:15:00.0,0,0,0,0,0,0,0,0,0,0,0,0,71,0,0,0,0,0,71,0,0,0,0,0,0,0,0,0,0,0,0,0,0,0
GL - OnePuttPro - 2026 - Sep 12 (1),25884371,3401019138,2026-09-14 05:30:00.0,0,0,0,0,0,0,0,0,0,0,0,0,62,0,0,0,0,0,62,0,0,0,0,0,0,0,0,0,0,0,0,0,0,0
GL - OnePuttPro - 2026 - Sep 12 (1),25884371,3401019138,2026-09-14 05:45:00.0,0,0,0,0,0,0,0,0,0,1,0,0,77,0,0,0,0,0,75,0,0,0,0,0,0,0,2,0,0,0,0,0,0,0
GL - OnePuttPro - 2026 - Sep 12 (1),25884371,3401019138,2026-09-14 06:00:00.0,0,0,0,0,0,0,0,0,0,0,0,0,81,0,0,0,0,0,81,0,0,0,0,0,0,0,0,0,0,0,0,0,0,0
GL - OnePuttPro - 2026 - Sep 12 (1),25884371,3401019138,2026-09-14 06:15:00.0,0,0,0,0,0,0,0,0,0,0,0,0,48,0,0,0,0,0,47,0,0,0,0,0,0,0,1,0,0,0,0,0,0,0
GL - OnePuttPro - 2026 - Sep 12 (1),25884371,3401019138,2026-09-14 06:30:00.0,0,0,0,0,0,0,0,0,0,1,0,0,51,0,0,0,0,0,51,0,0,0,0,0,0,0,0,0,0,0,0,0,0,0
GL - OnePuttPro - 2026 - Sep 12 (1),25884371,3401019138,2026-09-14 06:45:00.0,0,0,0,0,0,0,0,0,0,1,0,0,75,0,0,0,0,0,75,0,0,0,0,0,0,0,0,0,0,0,0,0,0,0
GL - OnePuttPro - 2026 - Sep 12 (1),25884371,3401019138,2026-09-14 07:00:00.0,0,0,0,0,0,0,0,0,0,1,0,0,77,0,0,0,0,0,77,0,0,0,0,0,0,0,0,0,0,0,0,0,0,0
GL - OnePuttPro - 2026 - Sep 12 (1),25884371,3401019138,2026-09-14 07:15:00.0,0,0,0,0,0,0,0,0,0,0,0,0,118,0,0,0,0,0,99,0,0,0,0,0,0,0,19,0,0,0,0,0,0,0
GL - OnePuttPro - 2026 - Sep 12 (1),25884371,3401019138,2026-09-14 10:00:00.0,0,0,0,0,0,0,0,0,0,1,0,0,139,0,0,0,0,0,137,0,0,0,0,0,0,0,2,0,0,0,0,0,0,0
GL - OnePuttPro - 2026 - Sep 12 (1),25884371,3401019138,2026-09-14 07:45:00.0,0,0,0,0,0,0,0,0,0,1,0,0,131,0,0,0,0,0,104,0,0,0,0,0,0,0,27,0,0,0,0,0,0,0
GL - OnePuttPro - 2026 - Sep 12 (1),25884371,3401019138,2026-09-14 08:00:00.0,0,0,0,0,0,0,0,0,0,0,0,0,127,0,0,0,0,0,126,0,0,0,0,0,0,0,1,0,0,0,0,0,0,0
GL - OnePuttPro - 2026 - Sep 12 (1),25884371,3401019138,2026-09-14 08:15:00.0,0,0,0,0,0,0,0,0,0,0,0,0,103,0,0,0,0,0,103,0,0,0,0,0,0,0,0,0,0,0,0,0,0,0
GL - OnePuttPro - 2026 - Sep 12 (1),25884371,3401019138,2026-09-14 08:30:00.0,0,0,0,0,0,0,0,0,0,1,0,0,113,0,0,0,0,0,113,0,0,0,0,0,0,0,0,0,0,0,0,0,0,0
GL - OnePuttPro - 2026 - Sep 12 (1),25884371,3401019138,2026-09-14 08:45:00.0,0,0,0,0,0,0,0,0,0,0,0,0,130,0,0,0,0,0,130,0,0,0,0,0,0,0,0,0,0,0,0,0,0,0
GL - OnePuttPro - 2026 - Sep 12 (1),25884371,3401019138,2026-09-14 09:00:00.0,0,0,0,0,0,0,0,0,0,0,0,0,128,0,0,0,0,0,128,0,0,0,0,0,0,0,0,0,0,0,0,0,0,0
GL - OnePuttPro - 2026 - Sep 12 (1),25884371,3401019138,2026-09-14 09:15:00.0,0,0,0,0,0,0,0,0,0,0,0,0,142,0,0,0,0,0,141,0,0,0,0,0,0,0,1,0,0,0,0,0,0,0
GL - OnePuttPro - 2026 - Sep 12 (1),25884371,3401019138,2026-09-14 09:30:00.0,0,0,0,0,0,0,0,0,0,0,0,0,159,0,0,0,0,0,159,0,0,0,0,0,0,0,0,0,0,0,0,0,0,0
GL - OnePuttPro - 2026 - Sep 12 (1),25884371,3401019138,2026-09-14 09:45:00.0,0,0,0,0,0,0,0,0,0,1,0,0,145,0,0,0,0,0,144,0,0,0,0,0,0,0,1,0,0,0,0,0,0,0
GL - OnePuttPro - 2026 - Sep 12 (1),25884371,3401019138,2026-09-14 12:30:00.0,0,0,0,0,0,0,0,0,0,0,0,0,131,0,0,0,0,0,131,0,0,0,0,0,0,0,0,0,0,0,0,0,0,0
GL - OnePuttPro - 2026 - Sep 12 (1),25884371,3401019138,2026-09-14 10:15:00.0,0,0,0,0,0,0,0,0,0,0,0,0,155,0,0,0,0,0,155,0,0,0,0,0,0,0,0,0,0,0,0,0,0,0
GL - OnePuttPro - 2026 - Sep 12 (1),25884371,3401019138,2026-09-14 10:30:00.0,0,0,0,0,0,0,0,0,0,2,0,0,126,0,0,0,0,0,125,0,0,0,0,0,0,0,1,0,0,0,0,0,0,0
GL - OnePuttPro - 2026 - Sep 12 (1),25884371,3401019138,2026-09-14 10:45:00.0,0,0,0,0,0,0,0,0,0,3,0,0,142,0,0,0,0,0,142,0,0,0,0,0,0,0,0,0,0,0,0,0,0,0
GL - OnePuttPro - 2026 - Sep 12 (1),25884371,3401019138,2026-09-14 11:00:00.0,0,0,0,0,0,0,0,0,0,2,0,0,139,0,0,0,0,0,138,0,0,0,0,0,0,0,1,0,0,0,0,0,0,0
GL - OnePuttPro - 2026 - Sep 12 (1),25884371,3401019138,2026-09-14 11:15:00.0,0,0,0,0,0,0,0,0,0,0,0,0,122,0,0,0,0,0,122,0,0,0,0,0,0,0,0,0,0,0,0,0,0,0
GL - OnePuttPro - 2026 - Sep 12 (1),25884371,3401019138,2026-09-14 11:30:00.0,0,0,0,0,0,0,0,0,0,0,0,0,130,0,0,0,0,0,130,0,0,0,0,0,0,0,0,0,0,0,0,0,0,0
GL - OnePuttPro - 2026 - Sep 12 (1),25884371,3401019138,2026-09-14 11:45:00.0,0,0,0,0,0,0,0,0,0,0,0,0,143,0,0,0,0,0,141,0,0,0,0,0,0,0,2,0,0,0,0,0,0,0
GL - OnePuttPro - 2026 - Sep 12 (1),25884371,3401019138,2026-09-14 12:00:00.0,0,0,0,0,0,0,0,0,0,0,0,0,149,0,0,0,0,0,148,0,0,0,0,0,0,0,1,0,0,0,0,0,0,0
GL - OnePuttPro - 2026 - Sep 12 (1),25884371,3401019138,2026-09-14 12:15:00.0,0,0,0,0,0,0,0,0,0,0,0,0,116,0,0,0,0,0,115,0,0,0,0,0,0,0,1,0,0,0,0,0,0,0
GL - OnePuttPro - 2026 - Sep 12 (1),25884371,3401019138,2026-09-14 15:00:00.0,0,0,0,0,0,0,0,0,0,0,0,0,93,0,0,0,0,0,93,0,0,0,0,0,0,0,0,0,0,0,0,0,0,0
GL - OnePuttPro - 2026 - Sep 12 (1),25884371,3401019138,2026-09-14 12:45:00.0,0,0,0,0,0,0,0,0,0,0,0,0,115,0,0,0,0,0,115,0,0,0,0,0,0,0,0,0,0,0,0,0,0,0
GL - OnePuttPro - 2026 - Sep 12 (1),25884371,3401019138,2026-09-14 13:00:00.0,0,0,0,0,0,0,0,0,0,0,0,0,120,0,0,0,0,0,120,0,0,0,0,0,0,0,0,0,0,0,0,0,0,0
GL - OnePuttPro - 2026 - Sep 12 (1),25884371,3401019138,2026-09-14 13:15:00.0,0,0,0,0,0,0,0,0,0,0,0,0,108,0,0,0,0,0,107,0,0,0,0,0,0,0,1,0,0,0,0,0,0,0
GL - OnePuttPro - 2026 - Sep 12 (1),25884371,3401019138,2026-09-14 13:30:00.0,0,0,0,0,0,0,0,0,0,1,0,0,117,0,0,0,0,0,117,0,0,0,0,0,0,0,0,0,0,0,0,0,0,0
GL - OnePuttPro - 2026 - Sep 12 (1),25884371,3401019138,2026-09-14 13:45:00.0,0,0,0,0,0,0,0,0,0,0,0,0,105,0,0,0,0,0,105,0,0,0,0,0,0,0,0,0,0,0,0,0,0,0
GL - OnePuttPro - 2026 - Sep 12 (1),25884371,3401019138,2026-09-14 14:00:00.0,0,0,0,0,0,0,0,0,0,1,0,0,105,0,0,0,0,0,102,0,0,0,0,0,0,0,3,0,0,0,0,0,0,0
GL - OnePuttPro - 2026 - Sep 12 (1),25884371,3401019138,2026-09-14 14:15:00.0,0,0,0,0,0,0,0,0,0,0,0,0,105,0,0,0,0,0,105,0,0,0,0,0,0,0,0,0,0,0,0,0,0,0
GL - OnePuttPro - 2026 - Sep 12 (1),25884371,3401019138,2026-09-14 14:30:00.0,0,0,0,0,0,0,0,0,0,0,0,0,87,0,0,0,0,0,87,0,0,0,0,0,0,0,0,0,0,0,0,0,0,0
GL - OnePuttPro - 2026 - Sep 12 (1),25884371,3401019138,2026-09-14 14:45:00.0,0,0,0,0,0,0,0,0,0,0,0,0,90,0,0,0,0,0,90,0,0,0,0,0,0,0,0,0,0,0,0,0,0,0
GL - OnePuttPro - 2026 - Sep 12 (1),25884371,3401019138,2026-09-14 17:30:00.0,0,0,0,0,0,0,0,0,0,0,0,0,81,0,0,0,0,0,81,0,0,0,0,0,0,0,0,0,0,0,0,0,0,0
GL - OnePuttPro - 2026 - Sep 12 (1),25884371,3401019138,2026-09-14 15:15:00.0,0,0,0,0,0,0,0,0,0,0,0,0,86,0,0,0,0,0,86,0,0,0,0,0,0,0,0,0,0,0,0,0,0,0
GL - OnePuttPro - 2026 - Sep 12 (1),25884371,3401019138,2026-09-14 15:30:00.0,0,0,0,0,0,0,0,0,0,0,0,0,79,0,0,0,0,0,79,0,0,0,0,0,0,0,0,0,0,0,0,0,0,0
GL - OnePuttPro - 2026 - Sep 12 (1),25884371,3401019138,2026-09-14 15:45:00.0,0,0,0,0,0,0,0,0,0,2,0,0,103,0,0,0,0,0,103,0,0,0,0,0,0,0,0,0,0,0,0,0,0,0
GL - OnePuttPro - 2026 - Sep 12 (1),25884371,3401019138,2026-09-14 16:00:00.0,0,0,0,0,0,0,0,0,0,0,0,0,96,0,0,0,0,0,95,0,0,0,0,0,0,0,1,0,0,0,0,0,0,0
GL - OnePuttPro - 2026 - Sep 12 (1),25884371,3401019138,2026-09-14 16:15:00.0,0,0,0,0,0,0,0,0,0,0,0,0,106,0,0,0,0,0,106,0,0,0,0,0,0,0,0,0,0,0,0,0,0,0
GL - OnePuttPro - 2026 - Sep 12 (1),25884371,3401019138,2026-09-14 16:30:00.0,0,0,0,0,0,0,0,0,0,1,0,0,100,0,0,0,0,0,100,0,0,0,0,0,0,0,0,0,0,0,0,0,0,0
GL - OnePuttPro - 2026 - Sep 12 (1),25884371,3401019138,2026-09-14 16:45:00.0,0,0,0,0,0,0,0,0,0,0,0,0,101,0,0,0,0,0,101,0,0,0,0,0,0,0,0,0,0,0,0,0,0,0
GL - OnePuttPro - 2026 - Sep 12 (1),25884371,3401019138,2026-09-14 17:00:00.0,0,0,0,0,0,0,0,0,0,0,0,0,81,0,0,0,0,0,79,0,0,0,0,0,0,0,2,0,0,0,0,0,0,0
GL - OnePuttPro - 2026 - Sep 12 (1),25884371,3401019138,2026-09-14 17:15:00.0,0,0,0,0,0,0,0,0,0,0,0,0,77,0,0,0,0,0,77,0,0,0,0,0,0,0,0,0,0,0,0,0,0,0
GL - OnePuttPro - 2026 - Sep 12 (1),25884371,3401019138,2026-09-14 20:00:00.0,0,0,0,0,0,0,0,0,0,0,0,0,61,0,0,0,0,0,61,0,0,0,0,0,0,0,0,0,0,0,0,0,0,0
GL - OnePuttPro - 2026 - Sep 12 (1),25884371,3401019138,2026-09-14 17:45:00.0,0,0,0,0,0,0,0,0,0,1,0,0,96,0,0,0,0,0,96,0,0,0,0,0,0,0,0,0,0,0,0,0,0,0
GL - OnePuttPro - 2026 - Sep 12 (1),25884371,3401019138,2026-09-14 18:00:00.0,0,0,0,0,0,0,0,0,0,0,0,0,76,0,0,0,0,0,76,0,0,0,0,0,0,0,0,0,0,0,0,0,0,0
GL - OnePuttPro - 2026 - Sep 12 (1),25884371,3401019138,2026-09-14 18:15:00.0,0,0,0,0,0,0,0,0,0,0,0,0,82,0,0,0,0,0,82,0,0,0,0,0,0,0,0,0,0,0,0,0,0,0
GL - OnePuttPro - 2026 - Sep 12 (1),25884371,3401019138,2026-09-14 18:30:00.0,0,0,0,0,0,0,0,0,0,0,0,0,80,0,0,0,0,0,80,0,0,0,0,0,0,0,0,0,0,0,0,0,0,0
GL - OnePuttPro - 2026 - Sep 12 (1),25884371,3401019138,2026-09-14 18:45:00.0,0,0,0,0,0,0,0,0,0,0,0,0,78,0,0,0,0,0,78,0,0,0,0,0,0,0,0,0,0,0,0,0,0,0
GL - OnePuttPro - 2026 - Sep 12 (1),25884371,3401019138,2026-09-14 19:00:00.0,0,0,0,0,0,0,0,0,0,0,0,0,79,0,0,0,0,0,79,0,0,0,0,0,0,0,0,0,0,0,0,0,0,0
GL - OnePuttPro - 2026 - Sep 12 (1),25884371,3401019138,2026-09-14 19:15:00.0,0,0,0,0,0,0,0,0,0,1,0,0,79,0,0,0,0,0,79,0,0,0,0,0,0,0,0,0,0,0,0,0,0,0
GL - OnePuttPro - 2026 - Sep 12 (1),25884371,3401019138,2026-09-14 19:30:00.0,0,0,0,0,0,0,0,0,0,0,0,0,51,0,0,0,0,0,51,0,0,0,0,0,0,0,0,0,0,0,0,0,0,0
GL - OnePuttPro - 2026 - Sep 12 (1),25884371,3401019138,2026-09-14 19:45:00.0,0,0,0,0,0,0,0,0,0,0,0,0,70,0,0,0,0,0,70,0,0,0,0,0,0,0,0,0,0,0,0,0,0,0
GL - OnePuttPro - 2026 - Sep 12 (1),25884371,3401019138,2026-09-14 22:30:00.0,0,0,0,0,0,0,0,0,0,0,0,0,82,0,0,0,0,0,82,0,0,0,0,0,0,0,0,0,0,0,0,0,0,0
GL - OnePuttPro - 2026 - Sep 12 (1),25884371,3401019138,2026-09-14 20:15:00.0,0,0,0,0,0,0,0,0,0,0,0,0,59,0,0,0,0,0,59,0,0,0,0,0,0,0,0,0,0,0,0,0,0,0
GL - OnePuttPro - 2026 - Sep 12 (1),25884371,3401019138,2026-09-14 20:30:00.0,0,0,0,0,0,0,0,0,0,0,0,0,70,0,0,0,0,0,68,0,0,0,0,0,0,0,2,0,0,0,0,0,0,0
GL - OnePuttPro - 2026 - Sep 12 (1),25884371,3401019138,2026-09-14 20:45:00.0,0,0,0,0,0,0,0,0,0,2,0,0,71,0,0,0,0,0,71,0,0,0,0,0,0,0,0,0,0,0,0,0,0,0
GL - OnePuttPro - 2026 - Sep 12 (1),25884371,3401019138,2026-09-14 21:00:00.0,0,0,0,0,0,0,0,0,0,0,0,0,47,0,0,0,0,0,47,0,0,0,0,0,0,0,0,0,0,0,0,0,0,0
GL - OnePuttPro - 2026 - Sep 12 (1),25884371,3401019138,2026-09-14 21:15:00.0,0,0,0,0,0,0,0,0,0,0,0,0,86,0,0,0,0,0,86,0,0,0,0,0,0,0,0,0,0,0,0,0,0,0
GL - OnePuttPro - 2026 - Sep 12 (1),25884371,3401019138,2026-09-14 21:30:00.0,0,0,0,0,0,0,0,0,0,0,0,0,79,0,0,0,0,0,79,0,0,0,0,0,0,0,0,0,0,0,0,0,0,0
GL - OnePuttPro - 2026 - Sep 12 (1),25884371,3401019138,2026-09-14 21:45:00.0,0,0,0,0,0,0,0,0,0,0,0,0,76,0,0,0,0,0,75,0,0,0,0,0,0,0,1,0,0,0,0,0,0,0
GL - OnePuttPro - 2026 - Sep 12 (1),25884371,3401019138,2026-09-14 22:00:00.0,0,0,0,0,0,0,0,0,0,0,0,0,63,0,0,0,0,0,63,0,0,0,0,0,0,0,0,0,0,0,0,0,0,0
GL - OnePuttPro - 2026 - Sep 12 (1),25884371,3401019138,2026-09-14 22:15:00.0,0,0,0,0,0,0,0,0,0,0,0,0,85,0,0,0,0,0,85,0,0,0,0,0,0,0,0,0,0,0,0,0,0,0
GL - OnePuttPro - 2026 - Sep 12 (1),25884371,3401019138,2026-09-15 01:00:00.0,0,0,0,0,0,0,0,0,0,0,0,0,66,0,0,0,0,0,66,0,0,0,0,0,0,0,0,0,0,0,0,0,0,0
GL - OnePuttPro - 2026 - Sep 12 (1),25884371,3401019138,2026-09-14 22:45:00.0,0,0,0,0,0,0,0,0,0,0,0,0,82,0,0,0,0,0,82,0,0,0,0,0,0,0,0,0,0,0,0,0,0,0
GL - OnePuttPro - 2026 - Sep 12 (1),25884371,3401019138,2026-09-14 23:00:00.0,0,0,0,0,0,0,0,0,0,0,0,0,86,0,0,0,0,0,86,0,0,0,0,0,0,0,0,0,0,0,0,0,0,0
GL - OnePuttPro - 2026 - Sep 12 (1),25884371,3401019138,2026-09-14 23:15:00.0,0,0,0,0,0,0,0,0,0,0,0,0,82,0,0,0,0,0,82,0,0,0,0,0,0,0,0,0,0,0,0,0,0,0
GL - OnePuttPro - 2026 - Sep 12 (1),25884371,3401019138,2026-09-14 23:30:00.0,0,0,0,0,0,0,0,0,0,0,0,0,87,0,0,0,0,0,87,0,0,0,0,0,0,0,0,0,0,0,0,0,0,0
GL - OnePuttPro - 2026 - Sep 12 (1),25884371,3401019138,2026-09-14 23:45:00.0,0,0,0,0,0,0,0,0,0,0,0,0,76,0,0,0,0,0,76,0,0,0,0,0,0,0,0,0,0,0,0,0,0,0
GL - OnePuttPro - 2026 - Sep 12 (1),25884371,3401019138,2026-09-15 00:00:00.0,0,0,0,0,0,0,0,0,0,0,0,0,67,0,0,0,0,0,66,0,0,0,0,0,0,0,1,0,0,0,0,0,0,0
GL - OnePuttPro - 2026 - Sep 12 (1),25884371,3401019138,2026-09-15 00:15:00.0,0,0,0,0,0,0,0,0,0,0,0,0,79,0,0,0,0,0,78,0,0,0,0,0,0,0,1,0,0,0,0,0,0,0
GL - OnePuttPro - 2026 - Sep 12 (1),25884371,3401019138,2026-09-15 00:30:00.0,0,0,0,0,0,0,0,0,0,0,0,0,86,0,0,0,0,0,86,0,0,0,0,0,0,0,0,0,0,0,0,0,0,0
GL - OnePuttPro - 2026 - Sep 12 (1),25884371,3401019138,2026-09-15 00:45:00.0,0,0,0,0,0,0,0,0,0,0,0,0,69,0,0,0,0,0,69,0,0,0,0,0,0,0,0,0,0,0,0,0,0,0
GL - OnePuttPro - 2026 - Sep 12 (1),25884371,3401019138,2026-09-15 03:30:00.0,0,0,0,0,0,0,0,0,0,0,0,0,43,0,0,0,0,0,43,0,0,0,0,0,0,0,0,0,0,0,0,0,0,0
GL - OnePuttPro - 2026 - Sep 12 (1),25884371,3401019138,2026-09-15 01:15:00.0,0,0,0,0,0,0,0,0,0,0,0,0,68,0,0,0,0,0,68,0,0,0,0,0,0,0,0,0,0,0,0,0,0,0
GL - OnePuttPro - 2026 - Sep 12 (1),25884371,3401019138,2026-09-15 01:30:00.0,0,0,0,0,0,0,0,0,0,0,0,0,55,0,0,0,0,0,55,0,0,0,0,0,0,0,0,0,0,0,0,0,0,0
GL - OnePuttPro - 2026 - Sep 12 (1),25884371,3401019138,2026-09-15 01:45:00.0,0,0,0,0,0,0,0,0,0,0,0,0,55,0,0,0,0,0,55,0,0,0,0,0,0,0,0,0,0,0,0,0,0,0
GL - OnePuttPro - 2026 - Sep 12 (1),25884371,3401019138,2026-09-15 02:00:00.0,0,0,0,0,0,0,0,0,0,0,0,0,54,0,0,0,0,0,52,0,0,0,0,0,0,0,2,0,0,0,0,0,0,0
GL - OnePuttPro - 2026 - Sep 12 (1),25884371,3401019138,2026-09-15 02:15:00.0,0,0,0,0,0,0,0,0,0,0,0,0,52,0,0,0,0,0,52,0,0,0,0,0,0,0,0,0,0,0,0,0,0,0
GL - OnePuttPro - 2026 - Sep 12 (1),25884371,3401019138,2026-09-15 02:30:00.0,0,0,0,0,0,0,0,0,0,0,0,0,35,0,0,0,0,0,35,0,0,0,0,0,0,0,0,0,0,0,0,0,0,0
GL - OnePuttPro - 2026 - Sep 12 (1),25884371,3401019138,2026-09-15 02:45:00.0,0,0,0,0,0,0,0,0,0,0,0,0,41,0,0,0,0,0,41,0,0,0,0,0,0,0,0,0,0,0,0,0,0,0
GL - OnePuttPro - 2026 - Sep 12 (1),25884371,3401019138,2026-09-15 03:00:00.0,0,0,0,0,0,0,0,0,0,0,0,0,46,0,0,0,0,0,46,0,0,0,0,0,0,0,0,0,0,0,0,0,0,0
GL - OnePuttPro - 2026 - Sep 12 (1),25884371,3401019138,2026-09-15 03:15:00.0,0,0,0,0,0,0,0,0,0,0,0,0,38,0,0,0,0,0,38,0,0,0,0,0,0,0,0,0,0,0,0,0,0,0
GL - OnePuttPro - 2026 - Sep 12 (1),25884371,3401019138,2026-09-15 06:00:00.0,0,0,0,0,0,0,0,0,0,0,0,0,28,0,0,0,0,0,28,0,0,0,0,0,0,0,0,0,0,0,0,0,0,0
GL - OnePuttPro - 2026 - Sep 12 (1),25884371,3401019138,2026-09-15 03:45:00.0,0,0,0,0,0,0,0,0,0,0,0,0,35,0,0,0,0,0,35,0,0,0,0,0,0,0,0,0,0,0,0,0,0,0
GL - OnePuttPro - 2026 - Sep 12 (1),25884371,3401019138,2026-09-15 04:00:00.0,0,0,0,0,0,0,0,0,0,0,0,0,30,0,0,0,0,0,30,0,0,0,0,0,0,0,0,0,0,0,0,0,0,0
GL - OnePuttPro - 2026 - Sep 12 (1),25884371,3401019138,2026-09-15 04:15:00.0,0,0,0,0,0,0,0,0,0,0,0,0,24,0,0,0,0,0,24,0,0,0,0,0,0,0,0,0,0,0,0,0,0,0
GL - OnePuttPro - 2026 - Sep 12 (1),25884371,3401019138,2026-09-15 04:30:00.0,0,0,0,0,0,0,0,0,0,0,0,0,31,0,0,0,0,0,31,0,0,0,0,0,0,0,0,0,0,0,0,0,0,0
GL - OnePuttPro - 2026 - Sep 12 (1),25884371,3401019138,2026-09-15 04:45:00.0,0,0,0,0,0,0,0,0,0,0,0,0,31,0,0,0,0,0,31,0,0,0,0,0,0,0,0,0,0,0,0,0,0,0
GL - OnePuttPro - 2026 - Sep 12 (1),25884371,3401019138,2026-09-15 05:00:00.0,0,0,0,0,0,0,0,0,0,0,0,0,30,0,0,0,0,0,30,0,0,0,0,0,0,0,0,0,0,0,0,0,0,0
GL - OnePuttPro - 2026 - Sep 12 (1),25884371,3401019138,2026-09-15 05:15:00.0,0,0,0,0,0,0,0,0,0,0,0,0,27,0,0,0,0,0,27,0,0,0,0,0,0,0,0,0,0,0,0,0,0,0
GL - OnePuttPro - 2026 - Sep 12 (1),25884371,3401019138,2026-09-15 05:30:00.0,0,0,0,0,0,0,0,0,0,0,0,0,27,0,0,0,0,0,27,0,0,0,0,0,0,0,0,0,0,0,0,0,0,0
GL - OnePuttPro - 2026 - Sep 12 (1),25884371,3401019138,2026-09-15 05:45:00.0,0,0,0,0,0,0,0,0,0,0,0,0,26,0,0,0,0,0,26,0,0,0,0,0,0,0,0,0,0,0,0,0,0,0
GL - OnePuttPro - 2026 - Sep 12 (1),25884371,3401019138,2026-09-15 08:30:00.0,0,0,4,0,0,0,0,0,0,0,0,0,48,0,0,0,0,0,48,0,0,0,0,0,0,0,0,0,0,0,0,0,0,0
GL - OnePuttPro - 2026 - Sep 12 (1),25884371,3401019138,2026-09-15 06:15:00.0,0,0,0,0,0,0,0,0,0,0,0,0,31,0,0,0,0,0,31,0,0,0,0,0,0,0,0,0,0,0,0,0,0,0
GL - OnePuttPro - 2026 - Sep 12 (1),25884371,3401019138,2026-09-15 06:30:00.0,0,0,0,0,0,0,0,0,0,0,0,0,34,0,0,0,0,0,34,0,0,0,0,0,0,0,0,0,0,0,0,0,0,0
GL - OnePuttPro - 2026 - Sep 12 (1),25884371,3401019138,2026-09-15 06:45:00.0,0,0,0,0,0,0,0,0,0,0,0,0,32,0,0,0,0,0,32,0,0,0,0,0,0,0,0,0,0,0,0,0,0,0
GL - OnePuttPro - 2026 - Sep 12 (1),25884371,3401019138,2026-09-15 07:00:00.0,0,0,0,0,0,0,0,0,0,0,0,0,25,0,0,0,0,0,25,0,0,0,0,0,0,0,0,0,0,0,0,0,0,0
GL - OnePuttPro - 2026 - Sep 12 (1),25884371,3401019138,2026-09-15 07:15:00.0,0,0,0,0,0,0,0,0,0,1,0,0,32,0,0,0,0,0,32,0,0,0,0,0,0,0,0,0,0,0,0,0,0,0
GL - OnePuttPro - 2026 - Sep 12 (1),25884371,3401019138,2026-09-15 07:30:00.0,0,0,0,0,0,0,0,0,0,0,0,0,49,0,0,0,0,0,49,0,0,0,0,0,0,0,0,0,0,0,0,0,0,0
GL - OnePuttPro - 2026 - Sep 12 (1),25884371,3401019138,2026-09-15 07:45:00.0,0,0,0,0,0,0,0,0,0,0,0,0,48,0,0,0,0,0,48,0,0,0,0,0,0,0,0,0,0,0,0,0,0,0
GL - OnePuttPro - 2026 - Sep 12 (1),25884371,3401019138,2026-09-15 08:00:00.0,0,0,0,0,0,0,0,0,0,0,0,0,51,0,0,0,0,0,49,0,0,0,0,0,0,0,2,0,0,0,0,0,0,0
GL - OnePuttPro - 2026 - Sep 12 (1),25884371,3401019138,2026-09-15 08:15:00.0,0,0,6,0,0,0,0,0,0,0,0,0,41,0,0,0,0,0,41,0,0,0,0,0,0,0,0,0,0,0,0,0,0,0
GL - OnePuttPro - 2026 - Sep 12 (1),25884371,3401019138,2026-09-15 11:00:00.0,0,0,13,0,0,0,0,0,0,0,0,0,61,0,0,0,0,0,61,0,0,0,0,0,0,0,0,0,0,0,0,0,0,0
GL - OnePuttPro - 2026 - Sep 12 (1),25884371,3401019138,2026-09-15 08:45:00.0,0,0,6,0,0,0,0,0,0,0,0,0,35,0,0,0,0,0,35,0,0,0,0,0,0,0,0,0,0,0,0,0,0,0
GL - OnePuttPro - 2026 - Sep 12 (1),25884371,3401019138,2026-09-15 09:00:00.0,0,0,5,0,0,0,0,0,0,0,0,0,39,0,0,0,0,0,39,0,0,0,0,0,0,0,0,0,0,0,0,0,0,0
GL - OnePuttPro - 2026 - Sep 12 (1),25884371,3401019138,2026-09-15 09:15:00.0,0,0,5,0,0,0,0,0,0,0,0,0,39,0,0,0,0,0,39,0,0,0,0,0,0,0,0,0,0,0,0,0,0,0
GL - OnePuttPro - 2026 - Sep 12 (1),25884371,3401019138,2026-09-15 09:30:00.0,0,0,4,0,0,0,0,0,0,1,0,0,46,0,0,0,0,0,46,0,0,0,0,0,0,0,0,0,0,0,0,0,0,0
GL - OnePuttPro - 2026 - Sep 12 (1),25884371,3401019138,2026-09-15 09:45:00.0,0,0,9,0,0,0,0,0,0,0,0,0,55,0,0,0,0,0,55,0,0,0,0,0,0,0,0,0,0,0,0,0,0,0
GL - OnePuttPro - 2026 - Sep 12 (1),25884371,3401019138,2026-09-15 10:00:00.0,0,0,6,0,0,0,0,0,0,0,0,0,50,0,0,0,0,0,50,0,0,0,0,0,0,0,0,0,0,0,0,0,0,0
GL - OnePuttPro - 2026 - Sep 12 (1),25884371,3401019138,2026-09-15 10:15:00.0,0,0,6,0,0,0,0,0,0,0,0,0,64,0,0,0,0,0,64,0,0,0,0,0,0,0,0,0,0,0,0,0,0,0
GL - OnePuttPro - 2026 - Sep 12 (1),25884371,3401019138,2026-09-15 10:30:00.0,0,0,4,0,0,0,0,0,0,0,0,0,54,0,0,0,0,0,52,0,0,0,0,0,0,0,2,0,0,0,0,0,0,0
GL - OnePuttPro - 2026 - Sep 12 (1),25884371,3401019138,2026-09-15 10:45:00.0,0,0,2,0,0,0,0,0,0,0,0,0,68,0,0,0,0,0,68,0,0,0,0,0,0,0,0,0,0,0,0,0,0,0
GL - OnePuttPro - 2026 - Sep 12 (1),25884371,3401019138,2026-09-15 13:30:00.0,0,0,13,0,0,0,0,0,0,0,0,0,49,0,0,0,0,0,49,0,0,0,0,0,0,0,0,0,0,0,0,0,0,0
GL - OnePuttPro - 2026 - Sep 12 (1),25884371,3401019138,2026-09-15 11:15:00.0,0,0,5,0,0,0,0,0,0,0,0,0,64,0,0,0,0,0,64,0,0,0,0,0,0,0,0,0,0,0,0,0,0,0
GL - OnePuttPro - 2026 - Sep 12 (1),25884371,3401019138,2026-09-15 11:30:00.0,0,0,3,0,0,0,0,0,0,0,0,0,49,0,0,0,0,0,49,0,0,0,0,0,0,0,0,0,0,0,0,0,0,0
GL - OnePuttPro - 2026 - Sep 12 (1),25884371,3401019138,2026-09-15 11:45:00.0,0,0,3,0,0,0,0,0,0,0,0,0,42,0,0,0,0,0,41,0,0,0,0,0,0,0,1,0,0,0,0,0,0,0
GL - OnePuttPro - 2026 - Sep 12 (1),25884371,3401019138,2026-09-15 12:00:00.0,0,0,18,0,0,0,0,0,0,0,0,0,63,0,0,0,0,0,62,0,0,0,0,0,0,0,1,0,0,0,0,0,0,0
GL - OnePuttPro - 2026 - Sep 12 (1),25884371,3401019138,2026-09-15 12:15:00.0,0,0,7,0,0,0,0,0,0,0,0,0,52,0,0,0,0,0,52,0,0,0,0,0,0,0,0,0,0,0,0,0,0,0
GL - OnePuttPro - 2026 - Sep 12 (1),25884371,3401019138,2026-09-15 12:30:00.0,0,0,4,0,0,0,0,0,0,0,0,0,47,0,0,0,0,0,47,0,0,0,0,0,0,0,0,0,0,0,0,0,0,0
GL - OnePuttPro - 2026 - Sep 12 (1),25884371,3401019138,2026-09-15 12:45:00.0,0,0,4,0,0,0,0,0,0,1,0,0,55,0,0,0,0,0,55,0,0,0,0,0,0,0,0,0,0,0,0,0,0,0
GL - OnePuttPro - 2026 - Sep 12 (1),25884371,3401019138,2026-09-15 13:00:00.0,0,0,4,0,0,0,0,0,0,0,0,0,39,0,0,0,0,0,38,0,0,0,0,0,0,0,1,0,0,0,0,0,0,0
GL - OnePuttPro - 2026 - Sep 12 (1),25884371,3401019138,2026-09-15 13:15:00.0,0,0,13,0,0,0,0,0,0,0,0,0,54,0,0,0,0,0,54,0,0,0,0,0,0,0,0,0,0,0,0,0,0,0
GL - OnePuttPro - 2026 - Sep 12 (1),25884371,3401019138,2026-09-15 16:00:00.0,0,0,42,0,0,0,0,0,0,0,0,0,38,0,0,0,0,0,38,0,0,0,0,0,0,0,0,0,0,0,0,0,0,0
GL - OnePuttPro - 2026 - Sep 12 (1),25884371,3401019138,2026-09-15 13:45:00.0,0,0,4,0,0,0,0,0,0,0,0,0,50,0,0,0,0,0,50,0,0,0,0,0,0,0,0,0,0,0,0,0,0,0
GL - OnePuttPro - 2026 - Sep 12 (1),25884371,3401019138,2026-09-15 14:00:00.0,0,0,2,0,0,0,0,0,0,0,0,0,52,0,0,0,0,0,52,0,0,0,0,0,0,0,0,0,0,0,0,0,0,0
GL - OnePuttPro - 2026 - Sep 12 (1),25884371,3401019138,2026-09-15 14:15:00.0,0,0,9,0,0,0,0,0,0,1,0,0,59,0,0,0,0,0,57,0,0,0,0,0,0,0,2,0,0,0,0,0,0,0
GL - OnePuttPro - 2026 - Sep 12 (1),25884371,3401019138,2026-09-15 14:30:00.0,0,0,8,0,0,0,0,0,0,0,0,0,51,0,0,0,0,0,51,0,0,0,0,0,0,0,0,0,0,0,0,0,0,0
GL - OnePuttPro - 2026 - Sep 12 (1),25884371,3401019138,2026-09-15 14:45:00.0,0,0,3,0,0,0,0,0,0,0,0,0,47,0,0,0,0,0,47,0,0,0,0,0,0,0,0,0,0,0,0,0,0,0
GL - OnePuttPro - 2026 - Sep 12 (1),25884371,3401019138,2026-09-15 15:00:00.0,0,0,3,0,0,0,0,0,0,0,0,0,42,0,0,0,0,0,42,0,0,0,0,0,0,0,0,0,0,0,0,0,0,0
GL - OnePuttPro - 2026 - Sep 12 (1),25884371,3401019138,2026-09-15 15:15:00.0,0,0,4,0,0,0,0,0,0,0,0,0,31,0,0,0,0,0,31,0,0,0,0,0,0,0,0,0,0,0,0,0,0,0
GL - OnePuttPro - 2026 - Sep 12 (1),25884371,3401019138,2026-09-15 15:30:00.0,0,0,5,0,0,0,0,0,0,1,0,0,48,0,0,0,0,0,48,0,0,0,0,0,0,0,0,0,0,0,0,0,0,0
GL - OnePuttPro - 2026 - Sep 12 (1),25884371,3401019138,2026-09-15 15:45:00.0,0,0,4,0,0,0,0,0,0,0,0,0,42,0,0,0,0,0,42,0,0,0,0,0,0,0,0,0,0,0,0,0,0,0
GL - OnePuttPro - 2026 - Sep 12 (1),25884371,3401019138,2026-09-15 18:30:00.0,0,0,0,0,0,0,0,0,0,0,0,0,40,0,0,0,0,0,40,0,0,0,0,0,0,0,0,0,0,0,0,0,0,0
GL - OnePuttPro - 2026 - Sep 12 (1),25884371,3401019138,2026-09-15 16:15:00.0,0,0,6,0,0,0,0,0,0,0,0,0,44,0,0,0,0,0,44,0,0,0,0,0,0,0,0,0,0,0,0,0,0,0
GL - OnePuttPro - 2026 - Sep 12 (1),25884371,3401019138,2026-09-15 16:30:00.0,0,0,6,0,0,0,0,0,0,0,0,0,42,0,0,0,0,0,42,0,0,0,0,0,0,0,0,0,0,0,0,0,0,0
GL - OnePuttPro - 2026 - Sep 12 (1),25884371,3401019138,2026-09-15 16:45:00.0,0,0,4,0,0,0,0,0,0,0,0,0,33,0,0,0,0,0,33,0,0,0,0,0,0,0,0,0,0,0,0,0,0,0
GL - OnePuttPro - 2026 - Sep 12 (1),25884371,3401019138,2026-09-15 17:00:00.0,0,0,4,0,0,0,0,0,0,0,0,0,28,0,0,0,0,0,28,0,0,0,0,0,0,0,0,0,0,0,0,0,0,0
GL - OnePuttPro - 2026 - Sep 12 (1),25884371,3401019138,2026-09-15 17:15:00.0,0,0,15,0,0,0,0,0,0,0,0,0,46,0,0,0,0,0,46,0,0,0,0,0,0,0,0,0,0,0,0,0,0,0
GL - OnePuttPro - 2026 - Sep 12 (1),25884371,3401019138,2026-09-15 17:30:00.0,0,0,6,0,0,0,0,0,0,0,0,0,39,0,0,0,0,0,39,0,0,0,0,0,0,0,0,0,0,0,0,0,0,0
GL - OnePuttPro - 2026 - Sep 12 (1),25884371,3401019138,2026-09-15 17:45:00.0,0,0,7,0,0,0,0,0,0,0,0,0,32,0,0,0,0,0,32,0,0,0,0,0,0,0,0,0,0,0,0,0,0,0
GL - OnePuttPro - 2026 - Sep 12 (1),25884371,3401019138,2026-09-15 18:00:00.0,0,0,7,0,0,0,0,0,0,0,0,0,38,0,0,0,0,0,38,0,0,0,0,0,0,0,0,0,0,0,0,0,0,0
GL - OnePuttPro - 2026 - Sep 12 (1),25884371,3401019138,2026-09-15 18:15:00.0,0,0,4,0,0,0,0,0,0,0,0,0,33,0,0,0,0,0,33,0,0,0,0,0,0,0,0,0,0,0,0,0,0,0
GL - OnePuttPro - 2026 - Sep 12 (1),25884371,3401019138,2026-09-15 21:00:00.0,0,0,0,0,0,0,0,0,0,0,0,0,43,0,0,0,0,0,43,0,0,0,0,0,0,0,0,0,0,0,0,0,0,0
GL - OnePuttPro - 2026 - Sep 12 (1),25884371,3401019138,2026-09-15 18:45:00.0,0,0,0,0,0,0,0,0,0,0,0,0,37,0,0,0,0,0,36,0,0,0,0,0,0,0,1,0,0,0,0,0,0,0
GL - OnePuttPro - 2026 - Sep 12 (1),25884371,3401019138,2026-09-15 19:00:00.0,0,0,0,0,0,0,0,0,0,0,0,0,42,0,0,0,0,0,42,0,0,0,0,0,0,0,0,0,0,0,0,0,0,0
GL - OnePuttPro - 2026 - Sep 12 (1),25884371,3401019138,2026-09-15 19:15:00.0,0,0,0,0,0,0,0,0,0,0,0,0,35,0,0,0,0,0,35,0,0,0,0,0,0,0,0,0,0,0,0,0,0,0
GL - OnePuttPro - 2026 - Sep 12 (1),25884371,3401019138,2026-09-15 19:30:00.0,0,0,0,0,0,0,0,0,0,0,0,0,41,0,0,0,0,0,41,0,0,0,0,0,0,0,0,0,0,0,0,0,0,0
GL - OnePuttPro - 2026 - Sep 12 (1),25884371,3401019138,2026-09-15 19:45:00.0,0,0,0,0,0,0,0,0,0,0,0,0,38,0,0,0,0,0,38,0,0,0,0,0,0,0,0,0,0,0,0,0,0,0
GL - OnePuttPro - 2026 - Sep 12 (1),25884371,3401019138,2026-09-15 20:00:00.0,0,0,0,0,0,0,0,0,0,0,0,0,33,0,0,0,0,0,32,0,0,0,0,0,0,0,1,0,0,0,0,0,0,0
GL - OnePuttPro - 2026 - Sep 12 (1),25884371,3401019138,2026-09-15 20:15:00.0,0,0,0,0,0,0,0,0,0,0,0,0,42,0,0,0,0,0,39,0,0,0,0,0,0,0,3,0,0,0,0,0,0,0
GL - OnePuttPro - 2026 - Sep 12 (1),25884371,3401019138,2026-09-15 20:30:00.0,0,0,0,0,0,0,0,0,0,0,0,0,46,0,0,0,0,0,45,0,0,0,0,0,0,0,1,0,0,0,0,0,0,0
GL - OnePuttPro - 2026 - Sep 12 (1),25884371,3401019138,2026-09-15 20:45:00.0,0,0,0,0,0,0,0,0,0,0,0,0,54,0,0,0,0,0,54,0,0,0,0,0,0,0,0,0,0,0,0,0,0,0
GL - OnePuttPro - 2026 - Sep 12 (1),25884371,3401019138,2026-09-15 23:30:00.0,0,0,0,0,0,0,0,0,0,0,0,0,34,0,0,0,0,0,34,0,0,0,0,0,0,0,0,0,0,0,0,0,0,0
GL - OnePuttPro - 2026 - Sep 12 (1),25884371,3401019138,2026-09-15 21:15:00.0,0,0,0,0,0,0,0,0,0,0,0,0,40,0,0,0,0,0,40,0,0,0,0,0,0,0,0,0,0,0,0,0,0,0
GL - OnePuttPro - 2026 - Sep 12 (1),25884371,3401019138,2026-09-15 21:30:00.0,0,0,0,0,0,0,0,0,0,0,0,0,49,0,0,0,0,0,48,0,0,0,0,0,0,0,1,0,0,0,0,0,0,0
GL - OnePuttPro - 2026 - Sep 12 (1),25884371,3401019138,2026-09-15 21:45:00.0,0,0,0,0,0,0,0,0,0,0,0,0,35,0,0,0,0,0,35,0,0,0,0,0,0,0,0,0,0,0,0,0,0,0
GL - OnePuttPro - 2026 - Sep 12 (1),25884371,3401019138,2026-09-15 22:00:00.0,0,0,0,0,0,0,0,0,0,1,0,0,51,0,0,0,0,0,51,0,0,0,0,0,0,0,0,0,0,0,0,0,0,0
GL - OnePuttPro - 2026 - Sep 12 (1),25884371,3401019138,2026-09-15 22:15:00.0,0,0,0,0,0,0,0,0,0,0,0,0,40,0,0,0,0,0,40,0,0,0,0,0,0,0,0,0,0,0,0,0,0,0
GL - OnePuttPro - 2026 - Sep 12 (1),25884371,3401019138,2026-09-15 22:30:00.0,0,0,0,0,0,0,0,0,0,0,0,0,35,0,0,0,0,0,35,0,0,0,0,0,0,0,0,0,0,0,0,0,0,0
GL - OnePuttPro - 2026 - Sep 12 (1),25884371,3401019138,2026-09-15 22:45:00.0,0,0,0,0,0,0,0,0,0,0,0,0,48,0,0,0,0,0,48,0,0,0,0,0,0,0,0,0,0,0,0,0,0,0
GL - OnePuttPro - 2026 - Sep 12 (1),25884371,3401019138,2026-09-15 23:00:00.0,0,0,0,0,0,0,0,0,0,0,0,0,54,0,0,0,0,0,54,0,0,0,0,0,0,0,0,0,0,0,0,0,0,0
GL - OnePuttPro - 2026 - Sep 12 (1),25884371,3401019138,2026-09-15 23:15:00.0,0,0,0,0,0,0,0,0,0,0,0,0,46,0,0,0,0,0,46,0,0,0,0,0,0,0,0,0,0,0,0,0,0,0
GL - OnePuttPro - 2026 - Sep 12 (1),25884371,3401019138,2026-09-16 02:00:00.0,0,0,0,0,0,0,0,0,0,0,0,0,21,0,0,0,0,0,21,0,0,0,0,0,0,0,0,0,0,0,0,0,0,0
GL - OnePuttPro - 2026 - Sep 12 (1),25884371,3401019138,2026-09-15 23:45:00.0,0,0,0,0,0,0,0,0,0,0,0,0,47,0,0,0,0,0,47,0,0,0,0,0,0,0,0,0,0,0,0,0,0,0
GL - OnePuttPro - 2026 - Sep 12 (1),25884371,3401019138,2026-09-16 00:00:00.0,0,0,0,0,0,0,0,0,0,0,0,0,36,0,0,0,0,0,36,0,0,0,0,0,0,0,0,0,0,0,0,0,0,0
GL - OnePuttPro - 2026 - Sep 12 (1),25884371,3401019138,2026-09-16 00:15:00.0,0,0,0,0,0,0,0,0,0,0,0,0,47,0,0,0,0,0,47,0,0,0,0,0,0,0,0,0,0,0,0,0,0,0
GL - OnePuttPro - 2026 - Sep 12 (1),25884371,3401019138,2026-09-16 00:30:00.0,0,0,0,0,0,0,0,0,0,0,0,0,31,0,0,0,0,0,31,0,0,0,0,0,0,0,0,0,0,0,0,0,0,0
GL - OnePuttPro - 2026 - Sep 12 (1),25884371,3401019138,2026-09-16 00:45:00.0,0,0,0,0,0,0,0,0,0,0,0,0,31,0,0,0,0,0,31,0,0,0,0,0,0,0,0,0,0,0,0,0,0,0
GL - OnePuttPro - 2026 - Sep 12 (1),25884371,3401019138,2026-09-16 01:00:00.0,0,0,0,0,0,0,0,0,0,0,0,0,38,0,0,0,0,0,38,0,0,0,0,0,0,0,0,0,0,0,0,0,0,0
GL - OnePuttPro - 2026 - Sep 12 (1),25884371,3401019138,2026-09-16 01:15:01.0,0,0,0,0,0,0,0,0,0,0,0,0,23,0,0,0,0,0,23,0,0,0,0,0,0,0,0,0,0,0,0,0,0,0
GL - OnePuttPro - 2026 - Sep 12 (1),25884371,3401019138,2026-09-16 01:30:00.0,0,0,0,0,0,0,0,0,0,0,0,0,26,0,0,0,0,0,26,0,0,0,0,0,0,0,0,0,0,0,0,0,0,0
GL - OnePuttPro - 2026 - Sep 12 (1),25884371,3401019138,2026-09-16 01:45:00.0,0,0,0,0,0,0,0,0,0,0,0,0,41,0,0,0,0,0,41,0,0,0,0,0,0,0,0,0,0,0,0,0,0,0
GL - OnePuttPro - 2026 - Sep 12 (1),25884371,3401019138,2026-09-16 04:30:00.0,0,0,0,0,0,0,0,0,0,0,0,0,22,0,0,0,0,0,22,0,0,0,0,0,0,0,0,0,0,0,0,0,0,0
GL - OnePuttPro - 2026 - Sep 12 (1),25884371,3401019138,2026-09-16 02:15:00.0,0,0,0,0,0,0,0,0,0,0,0,0,32,0,0,0,0,0,32,0,0,0,0,0,0,0,0,0,0,0,0,0,0,0
GL - OnePuttPro - 2026 - Sep 12 (1),25884371,3401019138,2026-09-16 02:30:00.0,0,0,0,0,0,0,0,0,0,0,0,0,27,0,0,0,0,0,27,0,0,0,0,0,0,0,0,0,0,0,0,0,0,0
GL - OnePuttPro - 2026 - Sep 12 (1),25884371,3401019138,2026-09-16 02:45:00.0,0,0,0,0,0,0,0,0,0,0,0,0,30,0,0,0,0,0,29,0,0,0,0,0,0,0,1,0,0,0,0,0,0,0
GL - OnePuttPro - 2026 - Sep 12 (1),25884371,3401019138,2026-09-16 03:00:00.0,0,0,0,0,0,0,0,0,0,0,0,0,28,0,0,0,0,0,28,0,0,0,0,0,0,0,0,0,0,0,0,0,0,0
GL - OnePuttPro - 2026 - Sep 12 (1),25884371,3401019138,2026-09-16 03:15:00.0,0,0,0,0,0,0,0,0,0,0,0,0,26,0,0,0,0,0,26,0,0,0,0,0,0,0,0,0,0,0,0,0,0,0
GL - OnePuttPro - 2026 - Sep 12 (1),25884371,3401019138,2026-09-16 03:30:00.0,0,0,0,0,0,0,0,0,0,0,0,0,27,0,0,0,0,0,27,0,0,0,0,0,0,0,0,0,0,0,0,0,0,0
GL - OnePuttPro - 2026 - Sep 12 (1),25884371,3401019138,2026-09-16 03:45:00.0,0,0,0,0,0,0,0,0,0,0,0,0,21,0,0,0,0,0,21,0,0,0,0,0,0,0,0,0,0,0,0,0,0,0
GL - OnePuttPro - 2026 - Sep 12 (1),25884371,3401019138,2026-09-16 04:00:00.0,0,0,0,0,0,0,0,0,0,0,0,0,14,0,0,0,0,0,14,0,0,0,0,0,0,0,0,0,0,0,0,0,0,0
GL - OnePuttPro - 2026 - Sep 12 (1),25884371,3401019138,2026-09-16 04:15:00.0,0,0,0,0,0,0,0,0,0,0,0,0,16,0,0,0,0,0,16,0,0,0,0,0,0,0,0,0,0,0,0,0,0,0
GL - OnePuttPro - 2026 - Sep 12 (1),25884371,3401019138,2026-09-16 07:00:00.0,0,0,0,0,0,0,0,0,0,0,0,0,16,0,0,0,0,0,16,0,0,0,0,0,0,0,0,0,0,0,0,0,0,0
GL - OnePuttPro - 2026 - Sep 12 (1),25884371,3401019138,2026-09-16 04:45:00.0,0,0,0,0,0,0,0,0,0,0,0,0,15,0,0,0,0,0,15,0,0,0,0,0,0,0,0,0,0,0,0,0,0,0
GL - OnePuttPro - 2026 - Sep 12 (1),25884371,3401019138,2026-09-16 05:00:00.0,0,0,0,0,0,0,0,0,0,0,0,0,14,0,0,0,0,0,14,0,0,0,0,0,0,0,0,0,0,0,0,0,0,0
GL - OnePuttPro - 2026 - Sep 12 (1),25884371,3401019138,2026-09-16 05:15:00.0,0,0,0,0,0,0,0,0,0,0,0,0,9,0,0,0,0,0,9,0,0,0,0,0,0,0,0,0,0,0,0,0,0,0
GL - OnePuttPro - 2026 - Sep 12 (1),25884371,3401019138,2026-09-16 05:30:00.0,0,0,0,0,0,0,0,0,0,0,0,0,9,0,0,0,0,0,9,0,0,0,0,0,0,0,0,0,0,0,0,0,0,0
GL - OnePuttPro - 2026 - Sep 12 (1),25884371,3401019138,2026-09-16 05:45:00.0,0,0,0,0,0,0,0,0,0,0,0,0,12,0,0,0,0,0,12,0,0,0,0,0,0,0,0,0,0,0,0,0,0,0
GL - OnePuttPro - 2026 - Sep 12 (1),25884371,3401019138,2026-09-16 06:00:00.0,0,0,0,0,0,0,0,0,0,0,0,0,12,0,0,0,0,0,12,0,0,0,0,0,0,0,0,0,0,0,0,0,0,0
GL - OnePuttPro - 2026 - Sep 12 (1),25884371,3401019138,2026-09-16 06:15:00.0,0,0,0,0,0,0,0,0,0,0,0,0,22,0,0,0,0,0,22,0,0,0,0,0,0,0,0,0,0,0,0,0,0,0
GL - OnePuttPro - 2026 - Sep 12 (1),25884371,3401019138,2026-09-16 06:30:00.0,0,0,0,0,0,0,0,0,0,0,0,0,17,0,0,0,0,0,17,0,0,0,0,0,0,0,0,0,0,0,0,0,0,0
GL - OnePuttPro - 2026 - Sep 12 (1),25884371,3401019138,2026-09-16 06:45:01.0,0,0,0,0,0,0,0,0,0,0,0,0,12,0,0,0,0,0,12,0,0,0,0,0,0,0,0,0,0,0,0,0,0,0
GL - OnePuttPro - 2026 - Sep 12 (1),25884371,3401019138,2026-09-16 09:30:00.0,0,0,0,0,0,0,0,0,0,0,0,0,28,0,0,0,0,0,28,0,0,0,0,0,0,0,0,0,0,0,0,0,0,0
GL - OnePuttPro - 2026 - Sep 12 (1),25884371,3401019138,2026-09-16 07:15:00.0,0,0,0,0,0,0,0,0,0,0,0,0,26,0,0,0,0,0,26,0,0,0,0,0,0,0,0,0,0,0,0,0,0,0
GL - OnePuttPro - 2026 - Sep 12 (1),25884371,3401019138,2026-09-16 07:30:00.0,0,0,0,0,0,0,0,0,0,0,0,0,30,0,0,0,0,0,30,0,0,0,0,0,0,0,0,0,0,0,0,0,0,0
GL - OnePuttPro - 2026 - Sep 12 (1),25884371,3401019138,2026-09-16 07:45:00.0,0,0,0,0,0,0,0,0,0,0,0,0,22,0,0,0,0,0,21,0,0,0,0,0,0,0,1,0,0,0,0,0,0,0
GL - OnePuttPro - 2026 - Sep 12 (1),25884371,3401019138,2026-09-16 08:00:00.0,0,0,0,0,0,0,0,0,0,0,0,0,25,0,0,0,0,0,25,0,0,0,0,0,0,0,0,0,0,0,0,0,0,0
GL - OnePuttPro - 2026 - Sep 12 (1),25884371,3401019138,2026-09-16 08:15:00.0,0,0,0,0,0,0,0,0,0,0,0,0,23,0,0,0,0,0,23,0,0,0,0,0,0,0,0,0,0,0,0,0,0,0
GL - OnePuttPro - 2026 - Sep 12 (1),25884371,3401019138,2026-09-16 08:30:00.0,0,0,0,0,0,0,0,0,0,0,0,0,20,0,0,0,0,0,20,0,0,0,0,0,0,0,0,0,0,0,0,0,0,0
GL - OnePuttPro - 2026 - Sep 12 (1),25884371,3401019138,2026-09-16 08:45:00.0,0,0,0,0,0,0,0,0,0,0,0,0,23,0,0,0,0,0,23,0,0,0,0,0,0,0,0,0,0,0,0,0,0,0
GL - OnePuttPro - 2026 - Sep 12 (1),25884371,3401019138,2026-09-16 09:00:00.0,0,0,0,0,0,0,0,0,0,0,0,0,36,0,0,0,0,0,36,0,0,0,0,0,0,0,0,0,0,0,0,0,0,0
GL - OnePuttPro - 2026 - Sep 12 (1),25884371,3401019138,2026-09-16 09:15:00.0,0,0,0,0,0,0,0,0,0,0,0,0,23,0,0,0,0,0,23,0,0,0,0,0,0,0,0,0,0,0,0,0,0,0
GL - OnePuttPro - 2026 - Sep 12 (1),25884371,3401019138,2026-09-16 12:00:00.0,0,0,0,0,0,0,0,0,0,0,0,0,36,0,0,0,0,0,36,0,0,0,0,0,0,0,0,0,0,0,0,0,0,0
GL - OnePuttPro - 2026 - Sep 12 (1),25884371,3401019138,2026-09-16 09:45:00.0,0,0,0,0,0,0,0,0,0,0,0,0,26,0,0,0,0,0,26,0,0,0,0,0,0,0,0,0,0,0,0,0,0,0
GL - OnePuttPro - 2026 - Sep 12 (1),25884371,3401019138,2026-09-16 10:00:00.0,0,0,0,0,0,0,0,0,0,0,0,0,34,0,0,0,0,0,34,0,0,0,0,0,0,0,0,0,0,0,0,0,0,0
GL - OnePuttPro - 2026 - Sep 12 (1),25884371,3401019138,2026-09-16 10:15:00.0,0,0,0,0,0,0,0,0,0,0,0,0,22,0,0,0,0,0,22,0,0,0,0,0,0,0,0,0,0,0,0,0,0,0
GL - OnePuttPro - 2026 - Sep 12 (1),25884371,3401019138,2026-09-16 10:30:00.0,0,0,0,0,0,0,0,0,0,0,0,0,31,0,0,0,0,0,31,0,0,0,0,0,0,0,0,0,0,0,0,0,0,0
GL - OnePuttPro - 2026 - Sep 12 (1),25884371,3401019138,2026-09-16 10:45:00.0,0,0,0,0,0,0,0,0,0,0,0,0,41,0,0,0,0,0,41,0,0,0,0,0,0,0,0,0,0,0,0,0,0,0
GL - OnePuttPro - 2026 - Sep 12 (1),25884371,3401019138,2026-09-16 11:00:00.0,0,0,0,0,0,0,0,0,0,0,0,0,23,0,0,0,0,0,23,0,0,0,0,0,0,0,0,0,0,0,0,0,0,0
GL - OnePuttPro - 2026 - Sep 12 (1),25884371,3401019138,2026-09-16 11:15:00.0,0,0,0,0,0,0,0,0,0,0,0,0,33,0,0,0,0,0,32,0,0,0,0,0,0,0,1,0,0,0,0,0,0,0
GL - OnePuttPro - 2026 - Sep 12 (1),25884371,3401019138,2026-09-16 11:30:00.0,0,0,0,0,0,0,0,0,0,0,0,0,31,0,0,0,0,0,31,0,0,0,0,0,0,0,0,0,0,0,0,0,0,0
GL - OnePuttPro - 2026 - Sep 12 (1),25884371,3401019138,2026-09-16 11:45:00.0,0,0,0,0,0,0,0,0,0,1,0,0,42,0,0,0,0,0,42,0,0,0,0,0,0,0,0,0,0,0,0,0,0,0
GL - OnePuttPro - 2026 - Sep 12 (1),25884371,3401019138,2026-09-16 14:30:00.0,0,0,0,0,0,0,0,0,0,0,0,0,29,0,0,0,0,0,29,0,0,0,0,0,0,0,0,0,0,0,0,0,0,0
GL - OnePuttPro - 2026 - Sep 12 (1),25884371,3401019138,2026-09-16 12:15:00.0,0,0,0,0,0,0,0,0,0,0,0,0,41,0,0,0,0,0,41,0,0,0,0,0,0,0,0,0,0,0,0,0,0,0
GL - OnePuttPro - 2026 - Sep 12 (1),25884371,3401019138,2026-09-16 12:30:00.0,0,0,0,0,0,0,0,0,0,0,0,0,40,0,0,0,0,0,40,0,0,0,0,0,0,0,0,0,0,0,0,0,0,0
GL - OnePuttPro - 2026 - Sep 12 (1),25884371,3401019138,2026-09-16 12:45:00.0,0,0,0,0,0,0,0,0,0,0,0,0,35,0,0,0,0,0,35,0,0,0,0,0,0,0,0,0,0,0,0,0,0,0
GL - OnePuttPro - 2026 - Sep 12 (1),25884371,3401019138,2026-09-16 13:00:00.0,0,0,0,0,0,0,0,0,0,0,0,0,29,0,0,0,0,0,29,0,0,0,0,0,0,0,0,0,0,0,0,0,0,0
GL - OnePuttPro - 2026 - Sep 12 (1),25884371,3401019138,2026-09-16 13:15:00.0,0,0,0,0,0,0,0,0,0,0,0,0,32,0,0,0,0,0,31,0,0,0,0,0,0,0,1,0,0,0,0,0,0,0
GL - OnePuttPro - 2026 - Sep 12 (1),25884371,3401019138,2026-09-16 13:30:00.0,0,0,0,0,0,0,0,0,0,0,0,0,28,0,0,0,0,0,27,0,0,0,0,0,0,0,1,0,0,0,0,0,0,0
GL - OnePuttPro - 2026 - Sep 12 (1),25884371,3401019138,2026-09-16 13:45:00.0,0,0,0,0,0,0,0,0,0,0,0,0,28,0,0,0,0,0,28,0,0,0,0,0,0,0,0,0,0,0,0,0,0,0
GL - OnePuttPro - 2026 - Sep 12 (1),25884371,3401019138,2026-09-16 14:00:00.0,0,0,0,0,0,0,0,0,0,0,0,0,27,0,0,0,0,0,27,0,0,0,0,0,0,0,0,0,0,0,0,0,0,0
GL - OnePuttPro - 2026 - Sep 12 (1),25884371,3401019138,2026-09-16 14:15:00.0,0,0,0,0,0,0,0,0,0,1,0,0,23,0,0,0,0,0,23,0,0,0,0,0,0,0,0,0,0,0,0,0,0,0
GL - OnePuttPro - 2026 - Sep 12 (1),25884371,3401019138,2026-09-16 17:00:00.0,0,0,0,0,0,0,0,0,0,0,0,0,33,0,0,0,0,0,33,0,0,0,0,0,0,0,0,0,0,0,0,0,0,0
GL - OnePuttPro - 2026 - Sep 12 (1),25884371,3401019138,2026-09-16 14:45:00.0,0,0,0,0,0,0,0,0,0,1,0,0,21,0,0,0,0,0,20,0,0,0,0,0,0,0,1,0,0,0,0,0,0,0
GL - OnePuttPro - 2026 - Sep 12 (1),25884371,3401019138,2026-09-16 15:00:00.0,0,0,0,0,0,0,0,0,0,0,0,0,28,0,0,0,0,0,28,0,0,0,0,0,0,0,0,0,0,0,0,0,0,0
GL - OnePuttPro - 2026 - Sep 12 (1),25884371,3401019138,2026-09-16 15:15:00.0,0,0,0,0,0,0,0,0,0,0,0,0,24,0,0,0,0,0,24,0,0,0,0,0,0,0,0,0,0,0,0,0,0,0
GL - OnePuttPro - 2026 - Sep 12 (1),25884371,3401019138,2026-09-16 15:30:00.0,0,0,0,0,0,0,0,0,0,0,0,0,29,0,0,0,0,0,29,0,0,0,0,0,0,0,0,0,0,0,0,0,0,0
GL - OnePuttPro - 2026 - Sep 12 (1),25884371,3401019138,2026-09-16 15:45:00.0,0,0,0,0,0,0,0,0,0,0,0,0,38,0,0,0,0,0,38,0,0,0,0,0,0,0,0,0,0,0,0,0,0,0
GL - OnePuttPro - 2026 - Sep 12 (1),25884371,3401019138,2026-09-16 16:00:00.0,0,0,0,0,0,0,0,0,0,0,0,0,23,0,0,0,0,0,23,0,0,0,0,0,0,0,0,0,0,0,0,0,0,0
GL - OnePuttPro - 2026 - Sep 12 (1),25884371,3401019138,2026-09-16 16:15:00.0,0,0,0,0,0,0,0,0,0,0,0,0,31,0,0,0,0,0,31,0,0,0,0,0,0,0,0,0,0,0,0,0,0,0
GL - OnePuttPro - 2026 - Sep 12 (1),25884371,3401019138,2026-09-16 16:30:00.0,0,0,0,0,0,0,0,0,0,0,0,0,22,0,0,0,0,0,22,0,0,0,0,0,0,0,0,0,0,0,0,0,0,0
GL - OnePuttPro - 2026 - Sep 12 (1),25884371,3401019138,2026-09-16 16:45:00.0,0,0,0,0,0,0,0,0,0,0,0,0,25,0,0,0,0,0,25,0,0,0,0,0,0,0,0,0,0,0,0,0,0,0
GL - OnePuttPro - 2026 - Sep 12 (1),25884371,3401019138,2026-09-16 19:30:00.0,0,0,0,0,0,0,0,0,0,0,0,0,23,0,0,0,0,0,23,0,0,0,0,0,0,0,0,0,0,0,0,0,0,0
GL - OnePuttPro - 2026 - Sep 12 (1),25884371,3401019138,2026-09-16 17:15:00.0,0,0,0,0,0,0,0,0,0,0,0,0,22,0,0,0,0,0,22,0,0,0,0,0,0,0,0,0,0,0,0,0,0,0
GL - OnePuttPro - 2026 - Sep 12 (1),25884371,3401019138,2026-09-16 17:30:00.0,0,0,0,0,0,0,0,0,0,0,0,0,33,0,0,0,0,0,32,0,0,0,0,0,0,0,1,0,0,0,0,0,0,0
GL - OnePuttPro - 2026 - Sep 12 (1),25884371,3401019138,2026-09-16 17:45:00.0,0,0,0,0,0,0,0,0,0,0,0,0,24,0,0,0,0,0,24,0,0,0,0,0,0,0,0,0,0,0,0,0,0,0
GL - OnePuttPro - 2026 - Sep 12 (1),25884371,3401019138,2026-09-16 18:00:00.0,0,0,0,0,0,0,0,0,0,0,0,0,37,0,0,0,0,0,37,0,0,0,0,0,0,0,0,0,0,0,0,0,0,0
GL - OnePuttPro - 2026 - Sep 12 (1),25884371,3401019138,2026-09-16 18:15:00.0,0,0,0,0,0,0,0,0,0,0,0,0,25,0,0,0,0,0,25,0,0,0,0,0,0,0,0,0,0,0,0,0,0,0
GL - OnePuttPro - 2026 - Sep 12 (1),25884371,3401019138,2026-09-16 18:30:00.0,0,0,0,0,0,0,0,0,0,0,0,0,23,0,0,0,0,0,23,0,0,0,0,0,0,0,0,0,0,0,0,0,0,0
GL - OnePuttPro - 2026 - Sep 12 (1),25884371,3401019138,2026-09-16 18:45:00.0,0,0,0,0,0,0,0,0,0,0,0,0,19,0,0,0,0,0,19,0,0,0,0,0,0,0,0,0,0,0,0,0,0,0
GL - OnePuttPro - 2026 - Sep 12 (1),25884371,3401019138,2026-09-16 19:00:00.0,0,0,0,0,0,0,0,0,0,0,0,0,21,0,0,0,0,0,21,0,0,0,0,0,0,0,0,0,0,0,0,0,0,0
GL - OnePuttPro - 2026 - Sep 12 (1),25884371,3401019138,2026-09-16 19:15:00.0,0,0,0,0,0,0,0,0,0,0,0,0,29,0,0,0,0,0,29,0,0,0,0,0,0,0,0,0,0,0,0,0,0,0
GL - OnePuttPro - 2026 - Sep 12 (1),25884371,3401019138,2026-09-16 22:00:00.0,0,0,0,0,0,0,0,0,0,0,0,0,26,0,0,0,0,0,26,0,0,0,0,0,0,0,0,0,0,0,0,0,0,0
GL - OnePuttPro - 2026 - Sep 12 (1),25884371,3401019138,2026-09-16 19:45:00.0,0,0,0,0,0,0,0,0,0,0,0,0,30,0,0,0,0,0,30,0,0,0,0,0,0,0,0,0,0,0,0,0,0,0
GL - OnePuttPro - 2026 - Sep 12 (1),25884371,3401019138,2026-09-16 20:00:00.0,0,0,0,0,0,0,0,0,0,0,0,0,21,0,0,0,0,0,21,0,0,0,0,0,0,0,0,0,0,0,0,0,0,0
GL - OnePuttPro - 2026 - Sep 12 (1),25884371,3401019138,2026-09-16 20:15:00.0,0,0,0,0,0,0,0,0,0,0,0,0,30,0,0,0,0,0,30,0,0,0,0,0,0,0,0,0,0,0,0,0,0,0
GL - OnePuttPro - 2026 - Sep 12 (1),25884371,3401019138,2026-09-16 20:30:00.0,0,0,0,0,0,0,0,0,0,0,0,0,26,0,0,0,0,0,26,0,0,0,0,0,0,0,0,0,0,0,0,0,0,0
GL - OnePuttPro - 2026 - Sep 12 (1),25884371,3401019138,2026-09-16 20:45:00.0,0,0,0,0,0,0,0,0,0,0,0,0,38,0,0,0,0,0,38,0,0,0,0,0,0,0,0,0,0,0,0,0,0,0
GL - OnePuttPro - 2026 - Sep 12 (1),25884371,3401019138,2026-09-16 21:00:00.0,0,0,0,0,0,0,0,0,0,0,0,0,20,0,0,0,0,0,20,0,0,0,0,0,0,0,0,0,0,0,0,0,0,0
GL - OnePuttPro - 2026 - Sep 12 (1),25884371,3401019138,2026-09-16 21:15:00.0,0,0,0,0,0,0,0,0,0,0,0,0,25,0,0,0,0,0,25,0,0,0,0,0,0,0,0,0,0,0,0,0,0,0
GL - OnePuttPro - 2026 - Sep 12 (1),25884371,3401019138,2026-09-16 21:30:00.0,0,0,0,0,0,0,0,0,0,0,0,0,27,0,0,0,0,0,27,0,0,0,0,0,0,0,0,0,0,0,0,0,0,0
GL - OnePuttPro - 2026 - Sep 12 (1),25884371,3401019138,2026-09-16 21:45:00.0,0,0,0,0,0,0,0,0,0,0,0,0,25,0,0,0,0,0,25,0,0,0,0,0,0,0,0,0,0,0,0,0,0,0
GL - OnePuttPro - 2026 - Sep 12 (1),25884371,3401019138,2026-09-17 00:30:00.0,0,0,0,0,0,0,0,0,0,0,0,0,38,0,0,0,0,0,38,0,0,0,0,0,0,0,0,0,0,0,0,0,0,0
GL - OnePuttPro - 2026 - Sep 12 (1),25884371,3401019138,2026-09-16 22:15:00.0,0,0,0,0,0,0,0,0,0,0,0,0,25,0,0,0,0,0,25,0,0,0,0,0,0,0,0,0,0,0,0,0,0,0
GL - OnePuttPro - 2026 - Sep 12 (1),25884371,3401019138,2026-09-16 22:30:00.0,0,0,0,0,0,0,0,0,0,0,0,0,19,0,0,0,0,0,19,0,0,0,0,0,0,0,0,0,0,0,0,0,0,0
GL - OnePuttPro - 2026 - Sep 12 (1),25884371,3401019138,2026-09-16 22:45:00.0,0,0,0,0,0,0,0,0,0,0,0,0,39,0,0,0,0,0,38,0,0,0,0,0,0,0,1,0,0,0,0,0,0,0
GL - OnePuttPro - 2026 - Sep 12 (1),25884371,3401019138,2026-09-16 23:00:00.0,0,0,0,0,0,0,0,0,0,0,0,0,24,0,0,0,0,0,24,0,0,0,0,0,0,0,0,0,0,0,0,0,0,0
GL - OnePuttPro - 2026 - Sep 12 (1),25884371,3401019138,2026-09-16 23:15:00.0,0,0,0,0,0,0,0,0,0,0,0,0,23,0,0,0,0,0,23,0,0,0,0,0,0,0,0,0,0,0,0,0,0,0
GL - OnePuttPro - 2026 - Sep 12 (1),25884371,3401019138,2026-09-16 23:30:00.0,0,0,0,0,0,0,0,0,0,0,0,0,32,0,0,0,0,0,32,0,0,0,0,0,0,0,0,0,0,0,0,0,0,0
GL - OnePuttPro - 2026 - Sep 12 (1),25884371,3401019138,2026-09-16 23:45:00.0,0,0,0,0,0,0,0,0,0,0,0,0,27,0,0,0,0,0,27,0,0,0,0,0,0,0,0,0,0,0,0,0,0,0
GL - OnePuttPro - 2026 - Sep 12 (1),25884371,3401019138,2026-09-17 00:00:00.0,0,0,0,0,0,0,0,0,0,0,0,0,39,0,0,0,0,0,39,0,0,0,0,0,0,0,0,0,0,0,0,0,0,0
GL - OnePuttPro - 2026 - Sep 12 (1),25884371,3401019138,2026-09-17 00:15:00.0,0,0,0,0,0,0,0,0,0,0,0,0,28,0,0,0,0,0,28,0,0,0,0,0,0,0,0,0,0,0,0,0,0,0
GL - OnePuttPro - 2026 - Sep 12 (1),25884371,3401019138,2026-09-17 03:00:00.0,0,0,0,0,0,0,0,0,0,0,0,0,17,0,0,0,0,0,16,0,0,0,0,0,0,0,1,0,0,0,0,0,0,0
GL - OnePuttPro - 2026 - Sep 12 (1),25884371,3401019138,2026-09-17 00:45:00.0,0,0,0,0,0,0,0,0,0,0,0,0,24,0,0,0,0,0,24,0,0,0,0,0,0,0,0,0,0,0,0,0,0,0
GL - OnePuttPro - 2026 - Sep 12 (1),25884371,3401019138,2026-09-17 01:00:00.0,0,0,0,0,0,0,0,0,0,0,0,0,25,0,0,0,0,0,25,0,0,0,0,0,0,0,0,0,0,0,0,0,0,0
GL - OnePuttPro - 2026 - Sep 12 (1),25884371,3401019138,2026-09-17 01:15:00.0,0,0,0,0,0,0,0,0,0,0,0,0,23,0,0,0,0,0,23,0,0,0,0,0,0,0,0,0,0,0,0,0,0,0
GL - OnePuttPro - 2026 - Sep 12 (1),25884371,3401019138,2026-09-17 01:30:00.0,0,0,0,0,0,0,0,0,0,0,0,0,15,0,0,0,0,0,15,0,0,0,0,0,0,0,0,0,0,0,0,0,0,0
GL - OnePuttPro - 2026 - Sep 12 (1),25884371,3401019138,2026-09-17 01:45:00.0,0,0,0,0,0,0,0,0,0,0,0,0,18,0,0,0,0,0,18,0,0,0,0,0,0,0,0,0,0,0,0,0,0,0
GL - OnePuttPro - 2026 - Sep 12 (1),25884371,3401019138,2026-09-17 02:00:00.0,0,0,0,0,0,0,0,0,0,0,0,0,20,0,0,0,0,0,20,0,0,0,0,0,0,0,0,0,0,0,0,0,0,0
GL - OnePuttPro - 2026 - Sep 12 (1),25884371,3401019138,2026-09-17 02:15:00.0,0,0,0,0,0,0,0,0,0,0,0,0,23,0,0,0,0,0,23,0,0,0,0,0,0,0,0,0,0,0,0,0,0,0
GL - OnePuttPro - 2026 - Sep 12 (1),25884371,3401019138,2026-09-17 02:30:00.0,0,0,0,0,0,0,0,0,0,0,0,0,24,0,0,0,0,0,24,0,0,0,0,0,0,0,0,0,0,0,0,0,0,0
GL - OnePuttPro - 2026 - Sep 12 (1),25884371,3401019138,2026-09-17 02:45:00.0,0,0,0,0,0,0,0,0,0,0,0,0,18,0,0,0,0,0,18,0,0,0,0,0,0,0,0,0,0,0,0,0,0,0
GL - OnePuttPro - 2026 - Sep 12 (1),25884371,3401019138,2026-09-17 05:30:00.0,0,0,0,0,0,0,0,0,0,0,0,0,10,0,0,0,0,0,10,0,0,0,0,0,0,0,0,0,0,0,0,0,0,0
GL - OnePuttPro - 2026 - Sep 12 (1),25884371,3401019138,2026-09-17 03:15:00.0,0,0,0,0,0,0,0,0,0,0,0,0,23,0,0,0,0,0,23,0,0,0,0,0,0,0,0,0,0,0,0,0,0,0
GL - OnePuttPro - 2026 - Sep 12 (1),25884371,3401019138,2026-09-17 03:30:00.0,0,0,0,0,0,0,0,0,0,0,0,0,13,0,0,0,0,0,13,0,0,0,0,0,0,0,0,0,0,0,0,0,0,0
GL - OnePuttPro - 2026 - Sep 12 (1),25884371,3401019138,2026-09-17 03:45:00.0,0,0,0,0,0,0,0,0,0,0,0,0,16,0,0,0,0,0,16,0,0,0,0,0,0,0,0,0,0,0,0,0,0,0
GL - OnePuttPro - 2026 - Sep 12 (1),25884371,3401019138,2026-09-17 04:00:00.0,0,0,0,0,0,0,0,0,0,0,0,0,14,0,0,0,0,0,14,0,0,0,0,0,0,0,0,0,0,0,0,0,0,0
GL - OnePuttPro - 2026 - Sep 12 (1),25884371,3401019138,2026-09-17 04:15:00.0,0,0,0,0,0,0,0,0,0,0,0,0,14,0,0,0,0,0,14,0,0,0,0,0,0,0,0,0,0,0,0,0,0,0
GL - OnePuttPro - 2026 - Sep 12 (1),25884371,3401019138,2026-09-17 04:30:00.0,0,0,0,0,0,0,0,0,0,0,0,0,11,0,0,0,0,0,11,0,0,0,0,0,0,0,0,0,0,0,0,0,0,0
GL - OnePuttPro - 2026 - Sep 12 (1),25884371,3401019138,2026-09-17 04:45:00.0,0,0,0,0,0,0,0,0,0,0,0,0,14,0,0,0,0,0,14,0,0,0,0,0,0,0,0,0,0,0,0,0,0,0
GL - OnePuttPro - 2026 - Sep 12 (1),25884371,3401019138,2026-09-17 05:00:00.0,0,0,0,0,0,0,0,0,0,0,0,0,20,0,0,0,0,0,20,0,0,0,0,0,0,0,0,0,0,0,0,0,0,0
GL - OnePuttPro - 2026 - Sep 12 (1),25884371,3401019138,2026-09-17 05:15:00.0,0,0,0,0,0,0,0,0,0,0,0,0,10,0,0,0,0,0,10,0,0,0,0,0,0,0,0,0,0,0,0,0,0,0
GL - OnePuttPro - 2026 - Sep 12 (1),25884371,3401019138,2026-09-17 08:00:00.0,0,0,0,0,0,0,0,0,0,0,0,0,16,0,0,0,0,0,16,0,0,0,0,0,0,0,0,0,0,0,0,0,0,0
GL - OnePuttPro - 2026 - Sep 12 (1),25884371,3401019138,2026-09-17 05:45:00.0,0,0,0,0,0,0,0,0,0,0,0,0,10,0,0,0,0,0,10,0,0,0,0,0,0,0,0,0,0,0,0,0,0,0
GL - OnePuttPro - 2026 - Sep 12 (1),25884371,3401019138,2026-09-17 06:00:00.0,0,0,0,0,0,0,0,0,0,0,0,0,12,0,0,0,0,0,12,0,0,0,0,0,0,0,0,0,0,0,0,0,0,0
GL - OnePuttPro - 2026 - Sep 12 (1),25884371,3401019138,2026-09-17 06:15:00.0,0,0,0,0,0,0,0,0,0,0,0,0,13,0,0,0,0,0,13,0,0,0,0,0,0,0,0,0,0,0,0,0,0,0
GL - OnePuttPro - 2026 - Sep 12 (1),25884371,3401019138,2026-09-17 06:30:00.0,0,0,0,0,0,0,0,0,0,0,0,0,17,0,0,0,0,0,17,0,0,0,0,0,0,0,0,0,0,0,0,0,0,0
GL - OnePuttPro - 2026 - Sep 12 (1),25884371,3401019138,2026-09-17 06:45:00.0,0,0,0,0,0,0,0,0,0,0,0,0,8,0,0,0,0,0,8,0,0,0,0,0,0,0,0,0,0,0,0,0,0,0
GL - OnePuttPro - 2026 - Sep 12 (1),25884371,3401019138,2026-09-17 07:00:00.0,0,0,0,0,0,0,0,0,0,0,0,0,18,0,0,0,0,0,18,0,0,0,0,0,0,0,0,0,0,0,0,0,0,0
GL - OnePuttPro - 2026 - Sep 12 (1),25884371,3401019138,2026-09-17 07:15:00.0,0,0,0,0,0,0,0,0,0,0,0,0,12,0,0,0,0,0,12,0,0,0,0,0,0,0,0,0,0,0,0,0,0,0
GL - OnePuttPro - 2026 - Sep 12 (1),25884371,3401019138,2026-09-17 07:30:00.0,0,0,0,0,0,0,0,0,0,0,0,0,14,0,0,0,0,0,14,0,0,0,0,0,0,0,0,0,0,0,0,0,0,0
GL - OnePuttPro - 2026 - Sep 12 (1),25884371,3401019138,2026-09-17 07:45:00.0,0,0,0,0,0,0,0,0,0,0,0,0,9,0,0,0,0,0,9,0,0,0,0,0,0,0,0,0,0,0,0,0,0,0
GL - OnePuttPro - 2026 - Sep 12 (1),25884371,3401019138,2026-09-17 10:30:00.0,0,0,0,0,0,0,0,0,0,0,0,0,15,0,0,0,0,0,15,0,0,0,0,0,0,0,0,0,0,0,0,0,0,0
GL - OnePuttPro - 2026 - Sep 12 (1),25884371,3401019138,2026-09-17 08:15:00.0,0,0,0,0,0,0,0,0,0,0,0,0,20,0,0,0,0,0,20,0,0,0,0,0,0,0,0,0,0,0,0,0,0,0
GL - OnePuttPro - 2026 - Sep 12 (1),25884371,3401019138,2026-09-17 08:30:00.0,0,0,0,0,0,0,0,0,0,0,0,0,22,0,0,0,0,0,22,0,0,0,0,0,0,0,0,0,0,0,0,0,0,0
GL - OnePuttPro - 2026 - Sep 12 (1),25884371,3401019138,2026-09-17 08:45:00.0,0,0,0,0,0,0,0,0,0,0,0,0,16,0,0,0,0,0,16,0,0,0,0,0,0,0,0,0,0,0,0,0,0,0
GL - OnePuttPro - 2026 - Sep 12 (1),25884371,3401019138,2026-09-17 09:00:00.0,0,0,0,0,0,0,0,0,0,0,0,0,15,0,0,0,0,0,15,0,0,0,0,0,0,0,0,0,0,0,0,0,0,0
GL - OnePuttPro - 2026 - Sep 12 (1),25884371,3401019138,2026-09-17 09:15:00.0,0,0,0,0,0,0,0,0,0,0,0,0,34,0,0,0,0,0,33,0,0,0,0,0,0,0,1,0,0,0,0,0,0,0
GL - OnePuttPro - 2026 - Sep 12 (1),25884371,3401019138,2026-09-17 09:30:00.0,0,0,0,0,0,0,0,0,0,0,0,0,15,0,0,0,0,0,15,0,0,0,0,0,0,0,0,0,0,0,0,0,0,0
GL - OnePuttPro - 2026 - Sep 12 (1),25884371,3401019138,2026-09-17 09:45:00.0,0,0,0,0,0,0,0,0,0,0,0,0,15,0,0,0,0,0,15,0,0,0,0,0,0,0,0,0,0,0,0,0,0,0
GL - OnePuttPro - 2026 - Sep 12 (1),25884371,3401019138,2026-09-17 10:00:00.0,0,0,0,0,0,0,0,0,0,0,0,0,19,0,0,0,0,0,19,0,0,0,0,0,0,0,0,0,0,0,0,0,0,0
GL - OnePuttPro - 2026 - Sep 12 (1),25884371,3401019138,2026-09-17 10:15:00.0,0,0,0,0,0,0,0,0,0,0,0,0,16,0,0,0,0,0,16,0,0,0,0,0,0,0,0,0,0,0,0,0,0,0
GL - OnePuttPro - 2026 - Sep 12 (1),25884371,3401019138,2026-09-17 13:00:00.0,0,0,0,0,0,0,0,0,0,0,0,0,26,0,0,0,0,0,26,0,0,0,0,0,0,0,0,0,0,0,0,0,0,0
GL - OnePuttPro - 2026 - Sep 12 (1),25884371,3401019138,2026-09-17 10:45:00.0,0,0,0,0,0,0,0,0,0,0,0,0,16,0,0,0,0,0,16,0,0,0,0,0,0,0,0,0,0,0,0,0,0,0
GL - OnePuttPro - 2026 - Sep 12 (1),25884371,3401019138,2026-09-17 11:00:00.0,0,0,0,0,0,0,0,0,0,0,0,0,27,0,0,0,0,0,27,0,0,0,0,0,0,0,0,0,0,0,0,0,0,0
GL - OnePuttPro - 2026 - Sep 12 (1),25884371,3401019138,2026-09-17 11:15:00.0,0,0,0,0,0,0,0,0,0,0,0,0,24,0,0,0,0,0,24,0,0,0,0,0,0,0,0,0,0,0,0,0,0,0
GL - OnePuttPro - 2026 - Sep 12 (1),25884371,3401019138,2026-09-17 11:30:00.0,0,0,0,0,0,0,0,0,0,0,0,0,15,0,0,0,0,0,15,0,0,0,0,0,0,0,0,0,0,0,0,0,0,0
GL - OnePuttPro - 2026 - Sep 12 (1),25884371,3401019138,2026-09-17 11:45:00.0,0,0,0,0,0,0,0,0,0,0,0,0,26,0,0,0,0,0,26,0,0,0,0,0,0,0,0,0,0,0,0,0,0,0
GL - OnePuttPro - 2026 - Sep 12 (1),25884371,3401019138,2026-09-17 12:00:00.0,0,0,0,0,0,0,0,0,0,0,0,0,20,0,0,0,0,0,20,0,0,0,0,0,0,0,0,0,0,0,0,0,0,0
GL - OnePuttPro - 2026 - Sep 12 (1),25884371,3401019138,2026-09-17 12:15:00.0,0,0,0,0,0,0,0,0,0,0,0,0,31,0,0,0,0,0,31,0,0,0,0,0,0,0,0,0,0,0,0,0,0,0
GL - OnePuttPro - 2026 - Sep 12 (1),25884371,3401019138,2026-09-17 12:30:00.0,0,0,0,0,0,0,0,0,0,0,0,0,33,0,0,0,0,0,33,0,0,0,0,0,0,0,0,0,0,0,0,0,0,0
GL - OnePuttPro - 2026 - Sep 12 (1),25884371,3401019138,2026-09-17 12:45:00.0,0,0,0,0,0,0,0,0,0,0,0,0,23,0,0,0,0,0,23,0,0,0,0,0,0,0,0,0,0,0,0,0,0,0
GL - OnePuttPro - 2026 - Sep 12 (1),25884371,3401019138,2026-09-17 15:30:00.0,0,0,0,0,0,0,0,0,0,0,0,0,16,0,0,0,0,0,16,0,0,0,0,0,0,0,0,0,0,0,0,0,0,0
GL - OnePuttPro - 2026 - Sep 12 (1),25884371,3401019138,2026-09-17 13:15:00.0,0,0,0,0,0,0,0,0,0,0,0,0,23,0,0,0,0,0,23,0,0,0,0,0,0,0,0,0,0,0,0,0,0,0
GL - OnePuttPro - 2026 - Sep 12 (1),25884371,3401019138,2026-09-17 13:30:00.0,0,0,0,0,0,0,0,0,0,0,0,0,18,0,0,0,0,0,18,0,0,0,0,0,0,0,0,0,0,0,0,0,0,0
GL - OnePuttPro - 2026 - Sep 12 (1),25884371,3401019138,2026-09-17 13:45:00.0,0,0,0,0,0,0,0,0,0,0,0,0,28,0,0,0,0,0,28,0,0,0,0,0,0,0,0,0,0,0,0,0,0,0
GL - OnePuttPro - 2026 - Sep 12 (1),25884371,3401019138,2026-09-17 14:00:00.0,0,0,0,0,0,0,0,0,0,0,0,0,28,0,0,0,0,0,28,0,0,0,0,0,0,0,0,0,0,0,0,0,0,0
GL - OnePuttPro - 2026 - Sep 12 (1),25884371,3401019138,2026-09-17 14:15:00.0,0,0,0,0,0,0,0,0,0,0,0,0,21,0,0,0,0,0,21,0,0,0,0,0,0,0,0,0,0,0,0,0,0,0
GL - OnePuttPro - 2026 - Sep 12 (1),25884371,3401019138,2026-09-17 14:30:00.0,0,0,0,0,0,0,0,0,0,0,0,0,18,0,0,0,0,0,18,0,0,0,0,0,0,0,0,0,0,0,0,0,0,0
GL - OnePuttPro - 2026 - Sep 12 (1),25884371,3401019138,2026-09-17 14:45:00.0,0,0,0,0,0,0,0,0,0,0,0,0,21,0,0,0,0,0,21,0,0,0,0,0,0,0,0,0,0,0,0,0,0,0
GL - OnePuttPro - 2026 - Sep 12 (1),25884371,3401019138,2026-09-17 15:00:00.0,0,0,0,0,0,0,0,0,0,0,0,0,20,0,0,0,0,0,20,0,0,0,0,0,0,0,0,0,0,0,0,0,0,0
GL - OnePuttPro - 2026 - Sep 12 (1),25884371,3401019138,2026-09-17 15:15:00.0,0,0,0,0,0,0,0,0,0,0,0,0,11,0,0,0,0,0,11,0,0,0,0,0,0,0,0,0,0,0,0,0,0,0
GL - OnePuttPro - 2026 - Sep 12 (1),25884371,3401019138,2026-09-17 18:00:00.0,0,0,0,0,0,0,0,0,0,1,0,0,19,0,0,0,0,0,19,0,0,0,0,0,0,0,0,0,0,0,0,0,0,0
GL - OnePuttPro - 2026 - Sep 12 (1),25884371,3401019138,2026-09-17 15:45:00.0,0,0,0,0,0,0,0,0,0,0,0,0,20,0,0,0,0,0,20,0,0,0,0,0,0,0,0,0,0,0,0,0,0,0
GL - OnePuttPro - 2026 - Sep 12 (1),25884371,3401019138,2026-09-17 16:00:00.0,0,0,0,0,0,0,0,0,0,0,0,0,26,0,0,0,0,0,26,0,0,0,0,0,0,0,0,0,0,0,0,0,0,0
GL - OnePuttPro - 2026 - Sep 12 (1),25884371,3401019138,2026-09-17 16:15:00.0,0,0,0,0,0,0,0,0,0,0,0,0,17,0,0,0,0,0,17,0,0,0,0,0,0,0,0,0,0,0,0,0,0,0
GL - OnePuttPro - 2026 - Sep 12 (1),25884371,3401019138,2026-09-17 16:30:00.0,0,0,0,0,0,0,0,0,0,0,0,0,19,0,0,0,0,0,19,0,0,0,0,0,0,0,0,0,0,0,0,0,0,0
GL - OnePuttPro - 2026 - Sep 12 (1),25884371,3401019138,2026-09-17 16:45:00.0,0,0,0,0,0,0,0,0,0,0,0,0,21,0,0,0,0,0,21,0,0,0,0,0,0,0,0,0,0,0,0,0,0,0
GL - OnePuttPro - 2026 - Sep 12 (1),25884371,3401019138,2026-09-17 17:00:00.0,0,0,0,0,0,0,0,0,0,0,0,0,32,0,0,0,0,0,32,0,0,0,0,0,0,0,0,0,0,0,0,0,0,0
GL - OnePuttPro - 2026 - Sep 12 (1),25884371,3401019138,2026-09-17 17:15:00.0,0,0,0,0,0,0,0,0,0,0,0,0,15,0,0,0,0,0,15,0,0,0,0,0,0,0,0,0,0,0,0,0,0,0
GL - OnePuttPro - 2026 - Sep 12 (1),25884371,3401019138,2026-09-17 17:30:00.0,0,0,0,0,0,0,0,0,0,0,0,0,26,0,0,0,0,0,26,0,0,0,0,0,0,0,0,0,0,0,0,0,0,0
GL - OnePuttPro - 2026 - Sep 12 (1),25884371,3401019138,2026-09-17 17:45:00.0,0,0,0,0,0,0,0,0,0,0,0,0,19,0,0,0,0,0,19,0,0,0,0,0,0,0,0,0,0,0,0,0,0,0
GL - OnePuttPro - 2026 - Sep 12 (1),25884371,3401019138,2026-09-17 20:30:00.0,0,0,0,0,0,0,0,0,0,0,0,0,18,0,0,0,0,0,18,0,0,0,0,0,0,0,0,0,0,0,0,0,0,0
GL - OnePuttPro - 2026 - Sep 12 (1),25884371,3401019138,2026-09-17 18:15:00.0,0,0,0,0,0,0,0,0,0,0,0,0,26,0,0,0,0,0,26,0,0,0,0,0,0,0,0,0,0,0,0,0,0,0
GL - OnePuttPro - 2026 - Sep 12 (1),25884371,3401019138,2026-09-17 18:30:00.0,0,0,0,0,0,0,0,0,0,0,0,0,17,0,0,0,0,0,17,0,0,0,0,0,0,0,0,0,0,0,0,0,0,0
GL - OnePuttPro - 2026 - Sep 12 (1),25884371,3401019138,2026-09-17 18:45:00.0,0,0,0,0,0,0,0,0,0,0,0,0,18,0,0,0,0,0,18,0,0,0,0,0,0,0,0,0,0,0,0,0,0,0
GL - OnePuttPro - 2026 - Sep 12 (1),25884371,3401019138,2026-09-17 19:00:00.0,0,0,0,0,0,0,0,0,0,0,0,0,18,0,0,0,0,0,18,0,0,0,0,0,0,0,0,0,0,0,0,0,0,0
GL - OnePuttPro - 2026 - Sep 12 (1),25884371,3401019138,2026-09-17 19:15:00.0,0,0,0,0,0,0,0,0,0,0,0,0,18,0,0,0,0,0,18,0,0,0,0,0,0,0,0,0,0,0,0,0,0,0
GL - OnePuttPro - 2026 - Sep 12 (1),25884371,3401019138,2026-09-17 19:30:00.0,0,0,0,0,0,0,0,0,0,0,0,0,18,0,0,0,0,0,18,0,0,0,0,0,0,0,0,0,0,0,0,0,0,0
GL - OnePuttPro - 2026 - Sep 12 (1),25884371,3401019138,2026-09-17 19:45:00.0,0,0,0,0,0,0,0,0,0,0,0,0,9,0,0,0,0,0,9,0,0,0,0,0,0,0,0,0,0,0,0,0,0,0
GL - OnePuttPro - 2026 - Sep 12 (1),25884371,3401019138,2026-09-17 20:00:00.0,0,0,0,0,0,0,0,0,0,0,0,0,13,0,0,0,0,0,13,0,0,0,0,0,0,0,0,0,0,0,0,0,0,0
GL - OnePuttPro - 2026 - Sep 12 (1),25884371,3401019138,2026-09-17 20:15:00.0,0,0,0,0,0,0,0,0,0,0,0,0,17,0,0,0,0,0,16,0,0,0,0,0,0,0,1,0,0,0,0,0,0,0
GL - OnePuttPro - 2026 - Sep 12 (1),25884371,3401019138,2026-09-17 23:00:00.0,0,0,0,0,0,0,0,0,0,0,0,0,20,0,0,0,0,0,20,0,0,0,0,0,0,0,0,0,0,0,0,0,0,0
GL - OnePuttPro - 2026 - Sep 12 (1),25884371,3401019138,2026-09-17 20:45:00.0,0,0,0,0,0,0,0,0,0,0,0,0,15,0,0,0,0,0,15,0,0,0,0,0,0,0,0,0,0,0,0,0,0,0
GL - OnePuttPro - 2026 - Sep 12 (1),25884371,3401019138,2026-09-17 21:00:00.0,0,0,0,0,0,0,0,0,0,0,0,0,17,0,0,0,0,0,17,0,0,0,0,0,0,0,0,0,0,0,0,0,0,0
GL - OnePuttPro - 2026 - Sep 12 (1),25884371,3401019138,2026-09-17 21:15:00.0,0,0,0,0,0,0,0,0,0,0,0,0,29,0,0,0,0,0,29,0,0,0,0,0,0,0,0,0,0,0,0,0,0,0
GL - OnePuttPro - 2026 - Sep 12 (1),25884371,3401019138,2026-09-17 21:30:00.0,0,0,0,0,0,0,0,0,0,0,0,0,12,0,0,0,0,0,12,0,0,0,0,0,0,0,0,0,0,0,0,0,0,0
GL - OnePuttPro - 2026 - Sep 12 (1),25884371,3401019138,2026-09-17 21:45:00.0,0,0,0,0,0,0,0,0,0,0,0,0,17,0,0,0,0,0,17,0,0,0,0,0,0,0,0,0,0,0,0,0,0,0
GL - OnePuttPro - 2026 - Sep 12 (1),25884371,3401019138,2026-09-17 22:00:00.0,0,0,0,0,0,0,0,0,0,0,0,0,19,0,0,0,0,0,18,0,0,0,0,0,0,0,1,0,0,0,0,0,0,0
GL - OnePuttPro - 2026 - Sep 12 (1),25884371,3401019138,2026-09-17 22:15:00.0,0,0,0,0,0,0,0,0,0,0,0,0,23,0,0,0,0,0,23,0,0,0,0,0,0,0,0,0,0,0,0,0,0,0
GL - OnePuttPro - 2026 - Sep 12 (1),25884371,3401019138,2026-09-17 22:30:00.0,0,0,0,0,0,0,0,0,0,0,0,0,15,0,0,0,0,0,15,0,0,0,0,0,0,0,0,0,0,0,0,0,0,0
GL - OnePuttPro - 2026 - Sep 12 (1),25884371,3401019138,2026-09-17 22:45:00.0,0,0,0,0,0,0,0,0,0,0,0,0,26,0,0,0,0,0,26,0,0,0,0,0,0,0,0,0,0,0,0,0,0,0
GL - OnePuttPro - 2026 - Sep 12 (1),25884371,3401019138,2026-09-18 01:30:00.0,0,0,0,0,0,0,0,0,0,0,0,0,21,0,0,0,0,0,21,0,0,0,0,0,0,0,0,0,0,0,0,0,0,0
GL - OnePuttPro - 2026 - Sep 12 (1),25884371,3401019138,2026-09-17 23:15:00.0,0,0,0,0,0,0,0,0,0,0,0,0,23,0,0,0,0,0,23,0,0,0,0,0,0,0,0,0,0,0,0,0,0,0
GL - OnePuttPro - 2026 - Sep 12 (1),25884371,3401019138,2026-09-17 23:30:00.0,0,0,0,0,0,0,0,0,0,0,0,0,24,0,0,0,0,0,24,0,0,0,0,0,0,0,0,0,0,0,0,0,0,0
GL - OnePuttPro - 2026 - Sep 12 (1),25884371,3401019138,2026-09-17 23:45:00.0,0,0,0,0,0,0,0,0,0,0,0,0,19,0,0,0,0,0,19,0,0,0,0,0,0,0,0,0,0,0,0,0,0,0
GL - OnePuttPro - 2026 - Sep 12 (1),25884371,3401019138,2026-09-18 00:00:00.0,0,0,0,0,0,0,0,0,0,0,0,0,23,0,0,0,0,0,23,0,0,0,0,0,0,0,0,0,0,0,0,0,0,0
GL - OnePuttPro - 2026 - Sep 12 (1),25884371,3401019138,2026-09-18 00:15:00.0,0,0,0,0,0,0,0,0,0,0,0,0,15,0,0,0,0,0,15,0,0,0,0,0,0,0,0,0,0,0,0,0,0,0
GL - OnePuttPro - 2026 - Sep 12 (1),25884371,3401019138,2026-09-18 00:30:00.0,0,0,0,0,0,0,0,0,0,0,0,0,21,0,0,0,0,0,21,0,0,0,0,0,0,0,0,0,0,0,0,0,0,0
GL - OnePuttPro - 2026 - Sep 12 (1),25884371,3401019138,2026-09-18 00:45:00.0,0,0,0,0,0,0,0,0,0,0,0,0,21,0,0,0,0,0,21,0,0,0,0,0,0,0,0,0,0,0,0,0,0,0
GL - OnePuttPro - 2026 - Sep 12 (1),25884371,3401019138,2026-09-18 01:00:00.0,0,0,0,0,0,0,0,0,0,0,0,0,20,0,0,0,0,0,20,0,0,0,0,0,0,0,0,0,0,0,0,0,0,0
GL - OnePuttPro - 2026 - Sep 12 (1),25884371,3401019138,2026-09-18 01:15:00.0,0,0,0,0,0,0,0,0,0,0,0,0,20,0,0,0,0,0,20,0,0,0,0,0,0,0,0,0,0,0,0,0,0,0
GL - OnePuttPro - 2026 - Sep 12 (1),25884371,3401019138,2026-09-18 04:00:00.0,0,0,0,0,0,0,0,0,0,0,0,0,16,0,0,0,0,0,16,0,0,0,0,0,0,0,0,0,0,0,0,0,0,0
GL - OnePuttPro - 2026 - Sep 12 (1),25884371,3401019138,2026-09-18 01:45:00.0,0,0,0,0,0,0,0,0,0,0,0,0,22,0,0,0,0,0,22,0,0,0,0,0,0,0,0,0,0,0,0,0,0,0
GL - OnePuttPro - 2026 - Sep 12 (1),25884371,3401019138,2026-09-18 02:00:00.0,0,0,0,0,0,0,0,0,0,0,0,0,21,0,0,0,0,0,21,0,0,0,0,0,0,0,0,0,0,0,0,0,0,0
GL - OnePuttPro - 2026 - Sep 12 (1),25884371,3401019138,2026-09-18 02:15:00.0,0,0,0,0,0,0,0,0,0,0,0,0,11,0,0,0,0,0,11,0,0,0,0,0,0,0,0,0,0,0,0,0,0,0
GL - OnePuttPro - 2026 - Sep 12 (1),25884371,3401019138,2026-09-18 02:30:00.0,0,0,0,0,0,0,0,0,0,0,0,0,19,0,0,0,0,0,19,0,0,0,0,0,0,0,0,0,0,0,0,0,0,0
GL - OnePuttPro - 2026 - Sep 12 (1),25884371,3401019138,2026-09-18 02:45:00.0,0,0,0,0,0,0,0,0,0,0,0,0,18,0,0,0,0,0,18,0,0,0,0,0,0,0,0,0,0,0,0,0,0,0
GL - OnePuttPro - 2026 - Sep 12 (1),25884371,3401019138,2026-09-18 03:00:00.0,0,0,0,0,0,0,0,0,0,0,0,0,16,0,0,0,0,0,16,0,0,0,0,0,0,0,0,0,0,0,0,0,0,0
GL - OnePuttPro - 2026 - Sep 12 (1),25884371,3401019138,2026-09-18 03:15:00.0,0,0,0,0,0,0,0,0,0,0,0,0,16,0,0,0,0,0,16,0,0,0,0,0,0,0,0,0,0,0,0,0,0,0
GL - OnePuttPro - 2026 - Sep 12 (1),25884371,3401019138,2026-09-18 03:30:00.0,0,0,0,0,0,0,0,0,0,0,0,0,9,0,0,0,0,0,9,0,0,0,0,0,0,0,0,0,0,0,0,0,0,0
GL - OnePuttPro - 2026 - Sep 12 (1),25884371,3401019138,2026-09-18 03:45:00.0,0,0,0,0,0,0,0,0,0,0,0,0,17,0,0,0,0,0,17,0,0,0,0,0,0,0,0,0,0,0,0,0,0,0
GL - OnePuttPro - 2026 - Sep 12 (1),25884371,3401019138,2026-09-18 06:30:00.0,0,0,0,0,0,0,0,0,0,0,0,0,15,0,0,0,0,0,15,0,0,0,0,0,0,0,0,0,0,0,0,0,0,0
GL - OnePuttPro - 2026 - Sep 12 (1),25884371,3401019138,2026-09-18 04:15:00.0,0,0,0,0,0,0,0,0,0,0,0,0,12,0,0,0,0,0,12,0,0,0,0,0,0,0,0,0,0,0,0,0,0,0
GL - OnePuttPro - 2026 - Sep 12 (1),25884371,3401019138,2026-09-18 04:30:00.0,0,0,0,0,0,0,0,0,0,0,0,0,13,0,0,0,0,0,13,0,0,0,0,0,0,0,0,0,0,0,0,0,0,0
GL - OnePuttPro - 2026 - Sep 12 (1),25884371,3401019138,2026-09-18 04:45:00.0,0,0,0,0,0,0,0,0,0,0,0,0,5,0,0,0,0,0,5,0,0,0,0,0,0,0,0,0,0,0,0,0,0,0
GL - OnePuttPro - 2026 - Sep 12 (1),25884371,3401019138,2026-09-18 05:00:00.0,0,0,0,0,0,0,0,0,0,0,0,0,11,0,0,0,0,0,11,0,0,0,0,0,0,0,0,0,0,0,0,0,0,0
GL - OnePuttPro - 2026 - Sep 12 (1),25884371,3401019138,2026-09-18 05:15:00.0,0,0,0,0,0,0,0,0,0,0,0,0,8,0,0,0,0,0,8,0,0,0,0,0,0,0,0,0,0,0,0,0,0,0
GL - OnePuttPro - 2026 - Sep 12 (1),25884371,3401019138,2026-09-18 05:30:00.0,0,0,0,0,0,0,0,0,0,0,0,0,6,0,0,0,0,0,6,0,0,0,0,0,0,0,0,0,0,0,0,0,0,0
GL - OnePuttPro - 2026 - Sep 12 (1),25884371,3401019138,2026-09-18 05:45:00.0,0,0,0,0,0,0,0,0,0,0,0,0,7,0,0,0,0,0,7,0,0,0,0,0,0,0,0,0,0,0,0,0,0,0
GL - OnePuttPro - 2026 - Sep 12 (1),25884371,3401019138,2026-09-18 06:00:00.0,0,0,0,0,0,0,0,0,0,0,0,0,6,0,0,0,0,0,6,0,0,0,0,0,0,0,0,0,0,0,0,0,0,0
GL - OnePuttPro - 2026 - Sep 12 (1),25884371,3401019138,2026-09-18 06:15:00.0,0,0,0,0,0,0,0,0,0,0,0,0,16,0,0,0,0,0,16,0,0,0,0,0,0,0,0,0,0,0,0,0,0,0
GL - OnePuttPro - 2026 - Sep 12 (1),25884371,3401019138,2026-09-18 09:00:00.0,0,0,0,0,0,0,0,0,0,0,0,0,14,0,0,0,0,0,14,0,0,0,0,0,0,0,0,0,0,0,0,0,0,0
GL - OnePuttPro - 2026 - Sep 12 (1),25884371,3401019138,2026-09-18 06:45:00.0,0,0,0,0,0,0,0,0,0,0,0,0,6,0,0,0,0,0,6,0,0,0,0,0,0,0,0,0,0,0,0,0,0,0
GL - OnePuttPro - 2026 - Sep 12 (1),25884371,3401019138,2026-09-18 07:00:00.0,0,0,0,0,0,0,0,0,0,0,0,0,8,0,0,0,0,0,8,0,0,0,0,0,0,0,0,0,0,0,0,0,0,0
GL - OnePuttPro - 2026 - Sep 12 (1),25884371,3401019138,2026-09-18 07:15:00.0,0,0,0,0,0,0,0,0,0,0,0,0,6,0,0,0,0,0,6,0,0,0,0,0,0,0,0,0,0,0,0,0,0,0
GL - OnePuttPro - 2026 - Sep 12 (1),25884371,3401019138,2026-09-18 07:30:00.0,0,0,0,0,0,0,0,0,0,0,0,0,20,0,0,0,0,0,20,0,0,0,0,0,0,0,0,0,0,0,0,0,0,0
GL - OnePuttPro - 2026 - Sep 12 (1),25884371,3401019138,2026-09-18 07:45:00.0,0,0,0,0,0,0,0,0,0,0,0,0,11,0,0,0,0,0,11,0,0,0,0,0,0,0,0,0,0,0,0,0,0,0
GL - OnePuttPro - 2026 - Sep 12 (1),25884371,3401019138,2026-09-18 08:00:00.0,0,0,0,0,0,0,0,0,0,0,0,0,9,0,0,0,0,0,9,0,0,0,0,0,0,0,0,0,0,0,0,0,0,0
GL - OnePuttPro - 2026 - Sep 12 (1),25884371,3401019138,2026-09-18 08:15:00.0,0,0,0,0,0,0,0,0,0,0,0,0,21,0,0,0,0,0,20,0,0,0,0,0,0,0,1,0,0,0,0,0,0,0
GL - OnePuttPro - 2026 - Sep 12 (1),25884371,3401019138,2026-09-18 08:30:00.0,0,0,0,0,0,0,0,0,0,0,0,0,15,0,0,0,0,0,15,0,0,0,0,0,0,0,0,0,0,0,0,0,0,0
GL - OnePuttPro - 2026 - Sep 12 (1),25884371,3401019138,2026-09-18 08:45:00.0,0,0,0,0,0,0,0,0,0,0,0,0,10,0,0,0,0,0,10,0,0,0,0,0,0,0,0,0,0,0,0,0,0,0
GL - OnePuttPro - 2026 - Sep 12 (1),25884371,3401019138,2026-09-18 11:30:00.0,0,0,0,0,0,0,0,0,0,0,0,0,21,0,0,0,0,0,21,0,0,0,0,0,0,0,0,0,0,0,0,0,0,0
GL - OnePuttPro - 2026 - Sep 12 (1),25884371,3401019138,2026-09-18 09:15:00.0,0,0,0,0,0,0,0,0,0,0,0,0,15,0,0,0,0,0,13,0,0,0,0,0,0,0,2,0,0,0,0,0,0,0
GL - OnePuttPro - 2026 - Sep 12 (1),25884371,3401019138,2026-09-18 09:30:00.0,0,0,0,0,0,0,0,0,0,0,0,0,14,0,0,0,0,0,14,0,0,0,0,0,0,0,0,0,0,0,0,0,0,0
GL - OnePuttPro - 2026 - Sep 12 (1),25884371,3401019138,2026-09-18 09:45:00.0,0,0,0,0,0,0,0,0,0,0,0,0,19,0,0,0,0,0,19,0,0,0,0,0,0,0,0,0,0,0,0,0,0,0
GL - OnePuttPro - 2026 - Sep 12 (1),25884371,3401019138,2026-09-18 10:00:00.0,0,0,0,0,0,0,0,0,0,0,0,0,18,0,0,0,0,0,18,0,0,0,0,0,0,0,0,0,0,0,0,0,0,0
GL - OnePuttPro - 2026 - Sep 12 (1),25884371,3401019138,2026-09-18 10:15:00.0,0,0,0,0,0,0,0,0,0,0,0,0,15,0,0,0,0,0,15,0,0,0,0,0,0,0,0,0,0,0,0,0,0,0
GL - OnePuttPro - 2026 - Sep 12 (1),25884371,3401019138,2026-09-18 10:30:00.0,0,0,0,0,0,0,0,0,0,0,0,0,18,0,0,0,0,0,18,0,0,0,0,0,0,0,0,0,0,0,0,0,0,0
GL - OnePuttPro - 2026 - Sep 12 (1),25884371,3401019138,2026-09-18 10:45:00.0,0,0,0,0,0,0,0,0,0,0,0,0,16,0,0,0,0,0,16,0,0,0,0,0,0,0,0,0,0,0,0,0,0,0
GL - OnePuttPro - 2026 - Sep 12 (1),25884371,3401019138,2026-09-18 11:00:00.0,0,0,0,0,0,0,0,0,0,0,0,0,15,0,0,0,0,0,15,0,0,0,0,0,0,0,0,0,0,0,0,0,0,0
GL - OnePuttPro - 2026 - Sep 12 (1),25884371,3401019138,2026-09-18 11:15:00.0,0,0,0,0,0,0,0,0,0,0,0,0,17,0,0,0,0,0,17,0,0,0,0,0,0,0,0,0,0,0,0,0,0,0
GL - OnePuttPro - 2026 - Sep 12 (1),25884371,3401019138,2026-09-18 14:00:00.0,0,0,0,0,0,0,0,0,0,0,0,0,17,0,0,0,0,0,17,0,0,0,0,0,0,0,0,0,0,0,0,0,0,0
GL - OnePuttPro - 2026 - Sep 12 (1),25884371,3401019138,2026-09-18 11:45:00.0,0,0,0,0,0,0,0,0,0,0,0,0,21,0,0,0,0,0,21,0,0,0,0,0,0,0,0,0,0,0,0,0,0,0
GL - OnePuttPro - 2026 - Sep 12 (1),25884371,3401019138,2026-09-18 12:00:00.0,0,0,0,0,0,0,0,0,0,0,0,0,17,0,0,0,0,0,17,0,0,0,0,0,0,0,0,0,0,0,0,0,0,0
GL - OnePuttPro - 2026 - Sep 12 (1),25884371,3401019138,2026-09-18 12:15:00.0,0,0,0,0,0,0,0,0,0,0,0,0,15,0,0,0,0,0,15,0,0,0,0,0,0,0,0,0,0,0,0,0,0,0
GL - OnePuttPro - 2026 - Sep 12 (1),25884371,3401019138,2026-09-18 12:30:00.0,0,0,0,0,0,0,0,0,0,0,0,0,18,0,0,0,0,0,18,0,0,0,0,0,0,0,0,0,0,0,0,0,0,0
GL - OnePuttPro - 2026 - Sep 12 (1),25884371,3401019138,2026-09-18 12:45:00.0,0,0,0,0,0,0,0,0,0,0,0,0,12,0,0,0,0,0,12,0,0,0,0,0,0,0,0,0,0,0,0,0,0,0
GL - OnePuttPro - 2026 - Sep 12 (1),25884371,3401019138,2026-09-18 13:00:00.0,0,0,0,0,0,0,0,0,0,0,0,0,19,0,0,0,0,0,19,0,0,0,0,0,0,0,0,0,0,0,0,0,0,0
GL - OnePuttPro - 2026 - Sep 12 (1),25884371,3401019138,2026-09-18 13:15:00.0,0,0,0,0,0,0,0,0,0,0,0,0,19,0,0,0,0,0,19,0,0,0,0,0,0,0,0,0,0,0,0,0,0,0
GL - OnePuttPro - 2026 - Sep 12 (1),25884371,3401019138,2026-09-18 13:30:00.0,0,0,0,0,0,0,0,0,0,0,0,0,13,0,0,0,0,0,13,0,0,0,0,0,0,0,0,0,0,0,0,0,0,0
GL - OnePuttPro - 2026 - Sep 12 (1),25884371,3401019138,2026-09-18 13:45:00.0,0,0,0,0,0,0,0,0,0,0,0,0,19,0,0,0,0,0,19,0,0,0,0,0,0,0,0,0,0,0,0,0,0,0
GL - OnePuttPro - 2026 - Sep 12 (1),25884371,3401019138,2026-09-18 16:30:00.0,0,0,0,0,0,0,0,0,0,0,0,0,19,0,0,0,0,0,19,0,0,0,0,0,0,0,0,0,0,0,0,0,0,0
GL - OnePuttPro - 2026 - Sep 12 (1),25884371,3401019138,2026-09-18 14:15:00.0,0,0,0,0,0,0,0,0,0,0,0,0,21,0,0,0,0,0,21,0,0,0,0,0,0,0,0,0,0,0,0,0,0,0
GL - OnePuttPro - 2026 - Sep 12 (1),25884371,3401019138,2026-09-18 14:30:00.0,0,0,0,0,0,0,0,0,0,0,0,0,22,0,0,0,0,0,22,0,0,0,0,0,0,0,0,0,0,0,0,0,0,0
GL - OnePuttPro - 2026 - Sep 12 (1),25884371,3401019138,2026-09-18 14:45:00.0,0,0,0,0,0,0,0,0,0,0,0,0,13,0,0,0,0,0,13,0,0,0,0,0,0,0,0,0,0,0,0,0,0,0
GL - OnePuttPro - 2026 - Sep 12 (1),25884371,3401019138,2026-09-18 15:00:00.0,0,0,0,0,0,0,0,0,0,0,0,0,14,0,0,0,0,0,14,0,0,0,0,0,0,0,0,0,0,0,0,0,0,0
GL - OnePuttPro - 2026 - Sep 12 (1),25884371,3401019138,2026-09-18 15:15:00.0,0,0,0,0,0,0,0,0,0,0,0,0,16,0,0,0,0,0,16,0,0,0,0,0,0,0,0,0,0,0,0,0,0,0
GL - OnePuttPro - 2026 - Sep 12 (1),25884371,3401019138,2026-09-18 15:30:00.0,0,0,0,0,0,0,0,0,0,0,0,0,15,0,0,0,0,0,15,0,0,0,0,0,0,0,0,0,0,0,0,0,0,0
GL - OnePuttPro - 2026 - Sep 12 (1),25884371,3401019138,2026-09-18 15:45:00.0,0,0,0,0,0,0,0,0,0,1,0,0,21,0,0,0,0,0,21,0,0,0,0,0,0,0,0,0,0,0,0,0,0,0
GL - OnePuttPro - 2026 - Sep 12 (1),25884371,3401019138,2026-09-18 16:00:00.0,0,0,0,0,0,0,0,0,0,0,0,0,11,0,0,0,0,0,11,0,0,0,0,0,0,0,0,0,0,0,0,0,0,0
GL - OnePuttPro - 2026 - Sep 12 (1),25884371,3401019138,2026-09-18 16:15:00.0,0,0,0,0,0,0,0,0,0,0,0,0,10,0,0,0,0,0,10,0,0,0,0,0,0,0,0,0,0,0,0,0,0,0
GL - OnePuttPro - 2026 - Sep 12 (1),25884371,3401019138,2026-09-18 19:00:00.0,0,0,0,0,0,0,0,0,0,0,0,0,19,0,0,0,0,0,19,0,0,0,0,0,0,0,0,0,0,0,0,0,0,0
GL - OnePuttPro - 2026 - Sep 12 (1),25884371,3401019138,2026-09-18 16:45:00.0,0,0,0,0,0,0,0,0,0,0,0,0,9,0,0,0,0,0,9,0,0,0,0,0,0,0,0,0,0,0,0,0,0,0
GL - OnePuttPro - 2026 - Sep 12 (1),25884371,3401019138,2026-09-18 17:00:00.0,0,0,0,0,0,0,0,0,0,0,0,0,20,0,0,0,0,0,20,0,0,0,0,0,0,0,0,0,0,0,0,0,0,0
GL - OnePuttPro - 2026 - Sep 12 (1),25884371,3401019138,2026-09-18 17:15:00.0,0,0,0,0,0,0,0,0,0,1,0,0,10,0,0,0,0,0,10,0,0,0,0,0,0,0,0,0,0,0,0,0,0,0
GL - OnePuttPro - 2026 - Sep 12 (1),25884371,3401019138,2026-09-18 17:30:00.0,0,0,0,0,0,0,0,0,0,0,0,0,20,0,0,0,0,0,20,0,0,0,0,0,0,0,0,0,0,0,0,0,0,0
GL - OnePuttPro - 2026 - Sep 12 (1),25884371,3401019138,2026-09-18 17:45:00.0,0,0,0,0,0,0,0,0,0,0,0,0,14,0,0,0,0,0,14,0,0,0,0,0,0,0,0,0,0,0,0,0,0,0
GL - OnePuttPro - 2026 - Sep 12 (1),25884371,3401019138,2026-09-18 18:00:00.0,0,0,0,0,0,0,0,0,0,0,0,0,20,0,0,0,0,0,20,0,0,0,0,0,0,0,0,0,0,0,0,0,0,0
GL - OnePuttPro - 2026 - Sep 12 (1),25884371,3401019138,2026-09-18 18:15:00.0,0,0,0,0,0,0,0,0,0,0,0,0,16,0,0,0,0,0,16,0,0,0,0,0,0,0,0,0,0,0,0,0,0,0
GL - OnePuttPro - 2026 - Sep 12 (1),25884371,3401019138,2026-09-18 18:30:00.0,0,0,0,0,0,0,0,0,0,0,0,0,18,0,0,0,0,0,18,0,0,0,0,0,0,0,0,0,0,0,0,0,0,0
GL - OnePuttPro - 2026 - Sep 12 (1),25884371,3401019138,2026-09-18 18:45:00.0,0,0,0,0,0,0,0,0,0,1,0,0,25,0,0,0,0,0,25,0,0,0,0,0,0,0,0,0,0,0,0,0,0,0
GL - OnePuttPro - 2026 - Sep 12 (1),25884371,3401019138,2026-09-18 21:30:00.0,0,0,0,0,0,0,0,0,0,0,0,0,15,0,0,0,0,0,13,0,0,0,0,0,0,0,2,0,0,0,0,0,0,0
GL - OnePuttPro - 2026 - Sep 12 (1),25884371,3401019138,2026-09-18 19:15:00.0,0,0,0,0,0,0,0,0,0,0,0,0,14,0,0,0,0,0,14,0,0,0,0,0,0,0,0,0,0,0,0,0,0,0
GL - OnePuttPro - 2026 - Sep 12 (1),25884371,3401019138,2026-09-18 19:30:00.0,0,0,0,0,0,0,0,0,0,0,0,0,11,0,0,0,0,0,11,0,0,0,0,0,0,0,0,0,0,0,0,0,0,0
GL - OnePuttPro - 2026 - Sep 12 (1),25884371,3401019138,2026-09-18 19:45:00.0,0,0,0,0,0,0,0,0,0,0,0,0,16,0,0,0,0,0,16,0,0,0,0,0,0,0,0,0,0,0,0,0,0,0
GL - OnePuttPro - 2026 - Sep 12 (1),25884371,3401019138,2026-09-18 20:00:00.0,0,0,0,0,0,0,0,0,0,0,0,0,19,0,0,0,0,0,19,0,0,0,0,0,0,0,0,0,0,0,0,0,0,0
GL - OnePuttPro - 2026 - Sep 12 (1),25884371,3401019138,2026-09-18 20:15:00.0,0,0,0,0,0,0,0,0,0,0,0,0,11,0,0,0,0,0,11,0,0,0,0,0,0,0,0,0,0,0,0,0,0,0
GL - OnePuttPro - 2026 - Sep 12 (1),25884371,3401019138,2026-09-18 20:30:00.0,0,0,0,0,0,0,0,0,0,0,0,0,18,0,0,0,0,0,18,0,0,0,0,0,0,0,0,0,0,0,0,0,0,0
GL - OnePuttPro - 2026 - Sep 12 (1),25884371,3401019138,2026-09-18 20:45:00.0,0,0,0,0,0,0,0,0,0,0,0,0,18,0,0,0,0,0,18,0,0,0,0,0,0,0,0,0,0,0,0,0,0,0
GL - OnePuttPro - 2026 - Sep 12 (1),25884371,3401019138,2026-09-18 21:00:00.0,0,0,0,0,0,0,0,0,0,0,0,0,12,0,0,0,0,0,12,0,0,0,0,0,0,0,0,0,0,0,0,0,0,0
GL - OnePuttPro - 2026 - Sep 12 (1),25884371,3401019138,2026-09-18 21:15:00.0,0,0,0,0,0,0,0,0,0,0,0,0,15,0,0,0,0,0,15,0,0,0,0,0,0,0,0,0,0,0,0,0,0,0
GL - OnePuttPro - 2026 - Sep 12 (1),25884371,3401019138,2026-09-19 00:00:00.0,0,0,0,0,0,0,0,0,0,0,0,0,32,0,0,0,0,0,32,0,0,0,0,0,0,0,0,0,0,0,0,0,0,0
GL - OnePuttPro - 2026 - Sep 12 (1),25884371,3401019138,2026-09-18 21:45:00.0,0,0,0,0,0,0,0,0,0,0,0,0,11,0,0,0,0,0,11,0,0,0,0,0,0,0,0,0,0,0,0,0,0,0
GL - OnePuttPro - 2026 - Sep 12 (1),25884371,3401019138,2026-09-18 22:00:00.0,0,0,0,0,0,0,0,0,0,0,0,0,12,0,0,0,0,0,12,0,0,0,0,0,0,0,0,0,0,0,0,0,0,0
GL - OnePuttPro - 2026 - Sep 12 (1),25884371,3401019138,2026-09-18 22:15:00.0,0,0,0,0,0,0,0,0,0,0,0,0,17,0,0,0,0,0,17,0,0,0,0,0,0,0,0,0,0,0,0,0,0,0
GL - OnePuttPro - 2026 - Sep 12 (1),25884371,3401019138,2026-09-18 22:30:00.0,0,0,0,0,0,0,0,0,0,0,0,0,18,0,0,0,0,0,18,0,0,0,0,0,0,0,0,0,0,0,0,0,0,0
GL - OnePuttPro - 2026 - Sep 12 (1),25884371,3401019138,2026-09-18 22:45:00.0,0,0,0,0,0,0,0,0,0,0,0,0,12,0,0,0,0,0,12,0,0,0,0,0,0,0,0,0,0,0,0,0,0,0
GL - OnePuttPro - 2026 - Sep 12 (1),25884371,3401019138,2026-09-18 23:00:00.0,0,0,0,0,0,0,0,0,0,0,0,0,15,0,0,0,0,0,15,0,0,0,0,0,0,0,0,0,0,0,0,0,0,0
GL - OnePuttPro - 2026 - Sep 12 (1),25884371,3401019138,2026-09-18 23:15:00.0,0,0,0,0,0,0,0,0,0,0,0,0,9,0,0,0,0,0,9,0,0,0,0,0,0,0,0,0,0,0,0,0,0,0
GL - OnePuttPro - 2026 - Sep 12 (1),25884371,3401019138,2026-09-18 23:30:00.0,0,0,0,0,0,0,0,0,0,0,0,0,28,0,0,0,0,0,28,0,0,0,0,0,0,0,0,0,0,0,0,0,0,0
GL - OnePuttPro - 2026 - Sep 12 (1),25884371,3401019138,2026-09-18 23:45:00.0,0,0,0,0,0,0,0,0,0,0,0,0,24,0,0,0,0,0,24,0,0,0,0,0,0,0,0,0,0,0,0,0,0,0
GL - OnePuttPro - 2026 - Sep 12 (1),25884371,3401019138,2026-09-19 02:30:00.0,0,0,0,0,0,0,0,0,0,0,0,0,28,0,0,0,0,0,28,0,0,0,0,0,0,0,0,0,0,0,0,0,0,0
GL - OnePuttPro - 2026 - Sep 12 (1),25884371,3401019138,2026-09-19 00:15:00.0,0,0,0,0,0,0,0,0,0,0,0,0,21,0,0,0,0,0,21,0,0,0,0,0,0,0,0,0,0,0,0,0,0,0
GL - OnePuttPro - 2026 - Sep 12 (1),25884371,3401019138,2026-09-19 00:30:00.0,0,0,0,0,0,0,0,0,0,0,0,0,19,0,0,0,0,0,19,0,0,0,0,0,0,0,0,0,0,0,0,0,0,0
GL - OnePuttPro - 2026 - Sep 12 (1),25884371,3401019138,2026-09-19 00:45:00.0,0,0,0,0,0,0,0,0,0,0,0,0,27,0,0,0,0,0,27,0,0,0,0,0,0,0,0,0,0,0,0,0,0,0
GL - OnePuttPro - 2026 - Sep 12 (1),25884371,3401019138,2026-09-19 01:00:00.0,0,0,0,0,0,0,0,0,0,0,0,0,20,0,0,0,0,0,20,0,0,0,0,0,0,0,0,0,0,0,0,0,0,0
GL - OnePuttPro - 2026 - Sep 12 (1),25884371,3401019138,2026-09-19 01:15:03.0,0,0,0,0,0,0,0,0,0,0,0,0,17,0,0,0,0,0,17,0,0,0,0,0,0,0,0,0,0,0,0,0,0,0
GL - OnePuttPro - 2026 - Sep 12 (1),25884371,3401019138,2026-09-19 01:30:00.0,0,0,0,0,0,0,0,0,0,0,0,0,19,0,0,0,0,0,19,0,0,0,0,0,0,0,0,0,0,0,0,0,0,0
GL - OnePuttPro - 2026 - Sep 12 (1),25884371,3401019138,2026-09-19 01:45:00.0,0,0,0,0,0,0,0,0,0,1,0,0,16,0,0,0,0,0,16,0,0,0,0,0,0,0,0,0,0,0,0,0,0,0
GL - OnePuttPro - 2026 - Sep 12 (1),25884371,3401019138,2026-09-19 02:00:00.0,0,0,0,0,0,0,0,0,0,0,0,0,17,0,0,0,0,0,17,0,0,0,0,0,0,0,0,0,0,0,0,0,0,0
GL - OnePuttPro - 2026 - Sep 12 (1),25884371,3401019138,2026-09-19 02:15:00.0,0,0,0,0,0,0,0,0,0,0,0,0,18,0,0,0,0,0,18,0,0,0,0,0,0,0,0,0,0,0,0,0,0,0
GL - OnePuttPro - 2026 - Sep 12 (1),25884371,3401019138,2026-09-19 05:00:00.0,0,0,0,0,0,0,0,0,0,0,0,0,10,0,0,0,0,0,10,0,0,0,0,0,0,0,0,0,0,0,0,0,0,0
GL - OnePuttPro - 2026 - Sep 12 (1),25884371,3401019138,2026-09-19 02:45:00.0,0,0,0,0,0,0,0,0,0,0,0,0,16,0,0,0,0,0,16,0,0,0,0,0,0,0,0,0,0,0,0,0,0,0
GL - OnePuttPro - 2026 - Sep 12 (1),25884371,3401019138,2026-09-19 03:00:00.0,0,0,0,0,0,0,0,0,0,0,0,0,17,0,0,0,0,0,17,0,0,0,0,0,0,0,0,0,0,0,0,0,0,0
GL - OnePuttPro - 2026 - Sep 12 (1),25884371,3401019138,2026-09-19 03:15:00.0,0,0,0,0,0,0,0,0,0,0,0,0,19,0,0,0,0,0,19,0,0,0,0,0,0,0,0,0,0,0,0,0,0,0
GL - OnePuttPro - 2026 - Sep 12 (1),25884371,3401019138,2026-09-19 03:30:00.0,0,0,0,0,0,0,0,0,0,0,0,0,16,0,0,0,0,0,16,0,0,0,0,0,0,0,0,0,0,0,0,0,0,0
GL - OnePuttPro - 2026 - Sep 12 (1),25884371,3401019138,2026-09-19 03:45:00.0,0,0,0,0,0,0,0,0,0,0,0,0,18,0,0,0,0,0,18,0,0,0,0,0,0,0,0,0,0,0,0,0,0,0
GL - OnePuttPro - 2026 - Sep 12 (1),25884371,3401019138,2026-09-19 04:00:00.0,0,0,0,0,0,0,0,0,0,0,0,0,11,0,0,0,0,0,11,0,0,0,0,0,0,0,0,0,0,0,0,0,0,0
GL - OnePuttPro - 2026 - Sep 12 (1),25884371,3401019138,2026-09-19 04:15:00.0,0,0,0,0,0,0,0,0,0,0,0,0,7,0,0,0,0,0,7,0,0,0,0,0,0,0,0,0,0,0,0,0,0,0
GL - OnePuttPro - 2026 - Sep 12 (1),25884371,3401019138,2026-09-19 04:30:00.0,0,0,0,0,0,0,0,0,0,0,0,0,17,0,0,0,0,0,17,0,0,0,0,0,0,0,0,0,0,0,0,0,0,0
GL - OnePuttPro - 2026 - Sep 12 (1),25884371,3401019138,2026-09-19 04:45:00.0,0,0,0,0,0,0,0,0,0,0,0,0,16,0,0,0,0,0,16,0,0,0,0,0,0,0,0,0,0,0,0,0,0,0
GL - OnePuttPro - 2026 - Sep 12 (1),25884371,3401019138,2026-09-19 07:30:00.0,0,0,0,0,0,0,0,0,0,0,0,0,17,0,0,0,0,0,17,0,0,0,0,0,0,0,0,0,0,0,0,0,0,0
GL - OnePuttPro - 2026 - Sep 12 (1),25884371,3401019138,2026-09-19 05:15:00.0,0,0,0,0,0,0,0,0,0,0,0,0,12,0,0,0,0,0,12,0,0,0,0,0,0,0,0,0,0,0,0,0,0,0
GL - OnePuttPro - 2026 - Sep 12 (1),25884371,3401019138,2026-09-19 05:30:00.0,0,0,0,0,0,0,0,0,0,0,0,0,10,0,0,0,0,0,10,0,0,0,0,0,0,0,0,0,0,0,0,0,0,0
GL - OnePuttPro - 2026 - Sep 12 (1),25884371,3401019138,2026-09-19 05:45:00.0,0,0,0,0,0,0,0,0,0,0,0,0,10,0,0,0,0,0,10,0,0,0,0,0,0,0,0,0,0,0,0,0,0,0
GL - OnePuttPro - 2026 - Sep 12 (1),25884371,3401019138,2026-09-19 06:00:00.0,0,0,0,0,0,0,0,0,0,0,0,0,10,0,0,0,0,0,10,0,0,0,0,0,0,0,0,0,0,0,0,0,0,0
GL - OnePuttPro - 2026 - Sep 12 (1),25884371,3401019138,2026-09-19 06:15:00.0,0,0,0,0,0,0,0,0,0,0,0,0,5,0,0,0,0,0,5,0,0,0,0,0,0,0,0,0,0,0,0,0,0,0
GL - OnePuttPro - 2026 - Sep 12 (1),25884371,3401019138,2026-09-19 06:30:00.0,0,0,0,0,0,0,0,0,0,0,0,0,12,0,0,0,0,0,12,0,0,0,0,0,0,0,0,0,0,0,0,0,0,0
GL - OnePuttPro - 2026 - Sep 12 (1),25884371,3401019138,2026-09-19 06:45:00.0,0,0,0,0,0,0,0,0,0,0,0,0,8,0,0,0,0,0,8,0,0,0,0,0,0,0,0,0,0,0,0,0,0,0
GL - OnePuttPro - 2026 - Sep 12 (1),25884371,3401019138,2026-09-19 07:00:00.0,0,0,0,0,0,0,0,0,0,0,0,0,5,0,0,0,0,0,5,0,0,0,0,0,0,0,0,0,0,0,0,0,0,0
GL - OnePuttPro - 2026 - Sep 12 (1),25884371,3401019138,2026-09-19 07:15:00.0,0,0,0,0,0,0,0,0,0,0,0,0,10,0,0,0,0,0,10,0,0,0,0,0,0,0,0,0,0,0,0,0,0,0
GL - OnePuttPro - 2026 - Sep 12 (1),25884371,3401019138,2026-09-19 10:00:00.0,0,0,0,0,0,0,0,0,0,0,0,0,21,0,0,0,0,0,21,0,0,0,0,0,0,0,0,0,0,0,0,0,0,0
GL - OnePuttPro - 2026 - Sep 12 (1),25884371,3401019138,2026-09-19 07:45:00.0,0,0,0,0,0,0,0,0,0,0,0,0,11,0,0,0,0,0,11,0,0,0,0,0,0,0,0,0,0,0,0,0,0,0
GL - OnePuttPro - 2026 - Sep 12 (1),25884371,3401019138,2026-09-19 08:00:00.0,0,0,0,0,0,0,0,0,0,0,0,0,6,0,0,0,0,0,6,0,0,0,0,0,0,0,0,0,0,0,0,0,0,0
GL - OnePuttPro - 2026 - Sep 12 (1),25884371,3401019138,2026-09-19 08:15:00.0,0,0,0,0,0,0,0,0,0,0,0,0,9,0,0,0,0,0,9,0,0,0,0,0,0,0,0,0,0,0,0,0,0,0
GL - OnePuttPro - 2026 - Sep 12 (1),25884371,3401019138,2026-09-19 08:30:00.0,0,0,0,0,0,0,0,0,0,0,0,0,8,0,0,0,0,0,8,0,0,0,0,0,0,0,0,0,0,0,0,0,0,0
GL - OnePuttPro - 2026 - Sep 12 (1),25884371,3401019138,2026-09-19 08:45:00.0,0,0,0,0,0,0,0,0,0,0,0,0,13,0,0,0,0,0,13,0,0,0,0,0,0,0,0,0,0,0,0,0,0,0
GL - OnePuttPro - 2026 - Sep 12 (1),25884371,3401019138,2026-09-19 09:00:00.0,0,0,0,0,0,0,0,0,0,0,0,0,12,0,0,0,0,0,11,0,0,0,0,0,0,0,1,0,0,0,0,0,0,0
GL - OnePuttPro - 2026 - Sep 12 (1),25884371,3401019138,2026-09-19 09:15:00.0,0,0,0,0,0,0,0,0,0,0,0,0,15,0,0,0,0,0,15,0,0,0,0,0,0,0,0,0,0,0,0,0,0,0
GL - OnePuttPro - 2026 - Sep 12 (1),25884371,3401019138,2026-09-19 09:30:00.0,0,0,0,0,0,0,0,0,0,1,0,0,12,0,0,0,0,0,12,0,0,0,0,0,0,0,0,0,0,0,0,0,0,0
GL - OnePuttPro - 2026 - Sep 12 (1),25884371,3401019138,2026-09-19 09:45:00.0,0,0,0,0,0,0,0,0,0,0,0,0,8,0,0,0,0,0,8,0,0,0,0,0,0,0,0,0,0,0,0,0,0,0
GL - OnePuttPro - 2026 - Sep 12 (1),25884371,3401019138,2026-09-19 12:30:00.0,0,0,0,0,0,0,0,0,0,0,0,0,28,0,0,0,0,0,28,0,0,0,0,0,0,0,0,0,0,0,0,0,0,0
GL - OnePuttPro - 2026 - Sep 12 (1),25884371,3401019138,2026-09-19 10:15:00.0,0,0,0,0,0,0,0,0,0,0,0,0,16,0,0,0,0,0,16,0,0,0,0,0,0,0,0,0,0,0,0,0,0,0
GL - OnePuttPro - 2026 - Sep 12 (1),25884371,3401019138,2026-09-19 10:30:00.0,0,0,0,0,0,0,0,0,0,0,0,0,16,0,0,0,0,0,16,0,0,0,0,0,0,0,0,0,0,0,0,0,0,0
GL - OnePuttPro - 2026 - Sep 12 (1),25884371,3401019138,2026-09-19 10:45:00.0,0,0,0,0,0,0,0,0,0,0,0,0,7,0,0,0,0,0,7,0,0,0,0,0,0,0,0,0,0,0,0,0,0,0
GL - OnePuttPro - 2026 - Sep 12 (1),25884371,3401019138,2026-09-19 11:00:00.0,0,0,0,0,0,0,0,0,0,0,0,0,18,0,0,0,0,0,18,0,0,0,0,0,0,0,0,0,0,0,0,0,0,0
GL - OnePuttPro - 2026 - Sep 12 (1),25884371,3401019138,2026-09-19 11:15:00.0,0,0,0,0,0,0,0,0,0,0,0,0,16,0,0,0,0,0,16,0,0,0,0,0,0,0,0,0,0,0,0,0,0,0
GL - OnePuttPro - 2026 - Sep 12 (1),25884371,3401019138,2026-09-19 11:30:00.0,0,0,0,0,0,0,0,0,0,0,0,0,8,0,0,0,0,0,8,0,0,0,0,0,0,0,0,0,0,0,0,0,0,0
GL - OnePuttPro - 2026 - Sep 12 (1),25884371,3401019138,2026-09-19 11:45:00.0,0,0,0,0,0,0,0,0,0,0,0,0,14,0,0,0,0,0,14,0,0,0,0,0,0,0,0,0,0,0,0,0,0,0
GL - OnePuttPro - 2026 - Sep 12 (1),25884371,3401019138,2026-09-19 12:00:00.0,0,0,0,0,0,0,0,0,0,0,0,0,14,0,0,0,0,0,14,0,0,0,0,0,0,0,0,0,0,0,0,0,0,0
GL - OnePuttPro - 2026 - Sep 12 (1),25884371,3401019138,2026-09-19 12:15:00.0,0,0,0,0,0,0,0,0,0,0,0,0,20,0,0,0,0,0,20,0,0,0,0,0,0,0,0,0,0,0,0,0,0,0
GL - OnePuttPro - 2026 - Sep 12 (1),25884371,3401019138,2026-09-19 15:00:00.0,0,0,0,0,0,0,0,0,0,0,0,0,11,0,0,0,0,0,11,0,0,0,0,0,0,0,0,0,0,0,0,0,0,0
GL - OnePuttPro - 2026 - Sep 12 (1),25884371,3401019138,2026-09-19 12:45:00.0,0,0,0,0,0,0,0,0,0,0,0,0,17,0,0,0,0,0,17,0,0,0,0,0,0,0,0,0,0,0,0,0,0,0
GL - OnePuttPro - 2026 - Sep 12 (1),25884371,3401019138,2026-09-19 13:00:00.0,0,0,0,0,0,0,0,0,0,0,0,0,15,0,0,0,0,0,15,0,0,0,0,0,0,0,0,0,0,0,0,0,0,0
GL - OnePuttPro - 2026 - Sep 12 (1),25884371,3401019138,2026-09-19 13:15:00.0,0,0,0,0,0,0,0,0,0,0,0,0,6,0,0,0,0,0,6,0,0,0,0,0,0,0,0,0,0,0,0,0,0,0
GL - OnePuttPro - 2026 - Sep 12 (1),25884371,3401019138,2026-09-19 13:30:00.0,0,0,0,0,0,0,0,0,0,0,0,0,12,0,0,0,0,0,12,0,0,0,0,0,0,0,0,0,0,0,0,0,0,0
GL - OnePuttPro - 2026 - Sep 12 (1),25884371,3401019138,2026-09-19 13:45:00.0,0,0,0,0,0,0,0,0,0,1,0,0,17,0,0,0,0,0,17,0,0,0,0,0,0,0,0,0,0,0,0,0,0,0
GL - OnePuttPro - 2026 - Sep 12 (1),25884371,3401019138,2026-09-19 14:00:00.0,0,0,0,0,0,0,0,0,0,0,0,0,10,0,0,0,0,0,10,0,0,0,0,0,0,0,0,0,0,0,0,0,0,0
GL - OnePuttPro - 2026 - Sep 12 (1),25884371,3401019138,2026-09-19 14:15:00.0,0,0,0,0,0,0,0,0,0,0,0,0,8,0,0,0,0,0,8,0,0,0,0,0,0,0,0,0,0,0,0,0,0,0
GL - OnePuttPro - 2026 - Sep 12 (1),25884371,3401019138,2026-09-19 14:30:00.0,0,0,0,0,0,0,0,0,0,0,0,0,21,0,0,0,0,0,21,0,0,0,0,0,0,0,0,0,0,0,0,0,0,0
GL - OnePuttPro - 2026 - Sep 12 (1),25884371,3401019138,2026-09-19 14:45:00.0,0,0,0,0,0,0,0,0,0,0,0,0,13,0,0,0,0,0,13,0,0,0,0,0,0,0,0,0,0,0,0,0,0,0
GL - OnePuttPro - 2026 - Sep 12 (1),25884371,3401019138,2026-09-19 17:30:00.0,0,0,0,0,0,0,0,0,0,0,0,0,10,0,0,0,0,0,10,0,0,0,0,0,0,0,0,0,0,0,0,0,0,0
GL - OnePuttPro - 2026 - Sep 12 (1),25884371,3401019138,2026-09-19 15:15:00.0,0,0,0,0,0,0,0,0,0,0,0,0,15,0,0,0,0,0,15,0,0,0,0,0,0,0,0,0,0,0,0,0,0,0
GL - OnePuttPro - 2026 - Sep 12 (1),25884371,3401019138,2026-09-19 15:30:00.0,0,0,0,0,0,0,0,0,0,0,0,0,20,0,0,0,0,0,20,0,0,0,0,0,0,0,0,0,0,0,0,0,0,0
GL - OnePuttPro - 2026 - Sep 12 (1),25884371,3401019138,2026-09-19 15:45:00.0,0,0,0,0,0,0,0,0,0,0,0,0,9,0,0,0,0,0,9,0,0,0,0,0,0,0,0,0,0,0,0,0,0,0
GL - OnePuttPro - 2026 - Sep 12 (1),25884371,3401019138,2026-09-19 16:00:00.0,0,0,0,0,0,0,0,0,0,0,0,0,17,0,0,0,0,0,17,0,0,0,0,0,0,0,0,0,0,0,0,0,0,0
GL - OnePuttPro - 2026 - Sep 12 (1),25884371,3401019138,2026-09-19 16:15:00.0,0,0,0,0,0,0,0,0,0,0,0,0,14,0,0,0,0,0,14,0,0,0,0,0,0,0,0,0,0,0,0,0,0,0
GL - OnePuttPro - 2026 - Sep 12 (1),25884371,3401019138,2026-09-19 16:30:00.0,0,0,0,0,0,0,0,0,0,0,0,0,19,0,0,0,0,0,19,0,0,0,0,0,0,0,0,0,0,0,0,0,0,0
GL - OnePuttPro - 2026 - Sep 12 (1),25884371,3401019138,2026-09-19 16:45:00.0,0,0,0,0,0,0,0,0,0,0,0,0,8,0,0,0,0,0,8,0,0,0,0,0,0,0,0,0,0,0,0,0,0,0
GL - OnePuttPro - 2026 - Sep 12 (1),25884371,3401019138,2026-09-19 17:00:00.0,0,0,0,0,0,0,0,0,0,0,0,0,18,0,0,0,0,0,18,0,0,0,0,0,0,0,0,0,0,0,0,0,0,0
GL - OnePuttPro - 2026 - Sep 12 (1),25884371,3401019138,2026-09-19 17:15:00.0,0,0,0,0,0,0,0,0,0,0,0,0,13,0,0,0,0,0,13,0,0,0,0,0,0,0,0,0,0,0,0,0,0,0
GL - OnePuttPro - 2026 - Sep 12 (1),25884371,3401019138,2026-09-19 20:00:00.0,0,0,0,0,0,0,0,0,0,0,0,0,21,0,0,0,0,0,21,0,0,0,0,0,0,0,0,0,0,0,0,0,0,0
GL - OnePuttPro - 2026 - Sep 12 (1),25884371,3401019138,2026-09-19 17:45:00.0,0,0,0,0,0,0,0,0,0,0,0,0,14,0,0,0,0,0,14,0,0,0,0,0,0,0,0,0,0,0,0,0,0,0
GL - OnePuttPro - 2026 - Sep 12 (1),25884371,3401019138,2026-09-19 18:00:00.0,0,0,0,0,0,0,0,0,0,0,0,0,15,0,0,0,0,0,15,0,0,0,0,0,0,0,0,0,0,0,0,0,0,0
GL - OnePuttPro - 2026 - Sep 12 (1),25884371,3401019138,2026-09-19 18:15:00.0,0,0,0,0,0,0,0,0,0,0,0,0,14,0,0,0,0,0,14,0,0,0,0,0,0,0,0,0,0,0,0,0,0,0
GL - OnePuttPro - 2026 - Sep 12 (1),25884371,3401019138,2026-09-19 18:30:00.0,0,0,0,0,0,0,0,0,0,0,0,0,12,0,0,0,0,0,12,0,0,0,0,0,0,0,0,0,0,0,0,0,0,0
GL - OnePuttPro - 2026 - Sep 12 (1),25884371,3401019138,2026-09-19 18:45:00.0,0,0,0,0,0,0,0,0,0,0,0,0,11,0,0,0,0,0,11,0,0,0,0,0,0,0,0,0,0,0,0,0,0,0
GL - OnePuttPro - 2026 - Sep 12 (1),25884371,3401019138,2026-09-19 19:00:00.0,0,0,0,0,0,0,0,0,0,0,0,0,17,0,0,0,0,0,17,0,0,0,0,0,0,0,0,0,0,0,0,0,0,0
GL - OnePuttPro - 2026 - Sep 12 (1),25884371,3401019138,2026-09-19 19:15:00.0,0,0,0,0,0,0,0,0,0,0,0,0,16,0,0,0,0,0,16,0,0,0,0,0,0,0,0,0,0,0,0,0,0,0
GL - OnePuttPro - 2026 - Sep 12 (1),25884371,3401019138,2026-09-19 19:30:00.0,0,0,0,0,0,0,0,0,0,0,0,0,20,0,0,0,0,0,20,0,0,0,0,0,0,0,0,0,0,0,0,0,0,0
GL - OnePuttPro - 2026 - Sep 12 (1),25884371,3401019138,2026-09-19 19:45:00.0,0,0,0,0,0,0,0,0,0,0,0,0,11,0,0,0,0,0,11,0,0,0,0,0,0,0,0,0,0,0,0,0,0,0
GL - OnePuttPro - 2026 - Sep 12 (1),25884371,3401019138,2026-09-19 22:30:00.0,0,0,0,0,0,0,0,0,0,0,0,0,13,0,0,0,0,0,13,0,0,0,0,0,0,0,0,0,0,0,0,0,0,0
GL - OnePuttPro - 2026 - Sep 12 (1),25884371,3401019138,2026-09-19 20:15:00.0,0,0,0,0,0,0,0,0,0,0,0,0,21,0,0,0,0,0,21,0,0,0,0,0,0,0,0,0,0,0,0,0,0,0
GL - OnePuttPro - 2026 - Sep 12 (1),25884371,3401019138,2026-09-19 20:30:00.0,0,0,0,0,0,0,0,0,0,0,0,0,5,0,0,0,0,0,5,0,0,0,0,0,0,0,0,0,0,0,0,0,0,0
GL - OnePuttPro - 2026 - Sep 12 (1),25884371,3401019138,2026-09-19 20:45:00.0,0,0,0,0,0,0,0,0,0,0,0,0,17,0,0,0,0,0,17,0,0,0,0,0,0,0,0,0,0,0,0,0,0,0
GL - OnePuttPro - 2026 - Sep 12 (1),25884371,3401019138,2026-09-19 21:00:00.0,0,0,0,0,0,0,0,0,0,0,0,0,10,0,0,0,0,0,10,0,0,0,0,0,0,0,0,0,0,0,0,0,0,0
GL - OnePuttPro - 2026 - Sep 12 (1),25884371,3401019138,2026-09-19 21:15:00.0,0,0,0,0,0,0,0,0,0,0,0,0,12,0,0,0,0,0,12,0,0,0,0,0,0,0,0,0,0,0,0,0,0,0
GL - OnePuttPro - 2026 - Sep 12 (1),25884371,3401019138,2026-09-19 21:30:00.0,0,0,0,0,0,0,0,0,0,0,0,0,14,0,0,0,0,0,14,0,0,0,0,0,0,0,0,0,0,0,0,0,0,0
GL - OnePuttPro - 2026 - Sep 12 (1),25884371,3401019138,2026-09-19 21:45:00.0,0,0,0,0,0,0,0,0,0,0,0,0,14,0,0,0,0,0,14,0,0,0,0,0,0,0,0,0,0,0,0,0,0,0
GL - OnePuttPro - 2026 - Sep 12 (1),25884371,3401019138,2026-09-19 22:00:00.0,0,0,0,0,0,0,0,0,0,0,0,0,10,0,0,0,0,0,10,0,0,0,0,0,0,0,0,0,0,0,0,0,0,0
GL - OnePuttPro - 2026 - Sep 12 (1),25884371,3401019138,2026-09-19 22:15:00.0,0,0,0,0,0,0,0,0,0,0,0,0,13,0,0,0,0,0,13,0,0,0,0,0,0,0,0,0,0,0,0,0,0,0
GL - OnePuttPro - 2026 - Sep 12 (1),25884371,3401019138,2026-09-20 01:00:00.0,0,0,0,0,0,0,0,0,0,0,0,0,12,0,0,0,0,0,12,0,0,0,0,0,0,0,0,0,0,0,0,0,0,0
GL - OnePuttPro - 2026 - Sep 12 (1),25884371,3401019138,2026-09-19 22:45:00.0,0,0,0,0,0,0,0,0,0,0,0,0,13,0,0,0,0,0,13,0,0,0,0,0,0,0,0,0,0,0,0,0,0,0
GL - OnePuttPro - 2026 - Sep 12 (1),25884371,3401019138,2026-09-19 23:00:00.0,0,0,0,0,0,0,0,0,0,0,0,0,9,0,0,0,0,0,9,0,0,0,0,0,0,0,0,0,0,0,0,0,0,0
GL - OnePuttPro - 2026 - Sep 12 (1),25884371,3401019138,2026-09-19 23:15:00.0,0,0,0,0,0,0,0,0,0,0,0,0,20,0,0,0,0,0,20,0,0,0,0,0,0,0,0,0,0,0,0,0,0,0
GL - OnePuttPro - 2026 - Sep 12 (1),25884371,3401019138,2026-09-19 23:30:00.0,0,0,0,0,0,0,0,0,0,0,0,0,18,0,0,0,0,0,18,0,0,0,0,0,0,0,0,0,0,0,0,0,0,0
GL - OnePuttPro - 2026 - Sep 12 (1),25884371,3401019138,2026-09-19 23:45:00.0,0,0,0,0,0,0,0,0,0,0,0,0,19,0,0,0,0,0,19,0,0,0,0,0,0,0,0,0,0,0,0,0,0,0
GL - OnePuttPro - 2026 - Sep 12 (1),25884371,3401019138,2026-09-20 00:00:00.0,0,0,0,0,0,0,0,0,0,0,0,0,20,0,0,0,0,0,20,0,0,0,0,0,0,0,0,0,0,0,0,0,0,0
GL - OnePuttPro - 2026 - Sep 12 (1),25884371,3401019138,2026-09-20 00:15:00.0,0,0,0,0,0,0,0,0,0,0,0,0,10,0,0,0,0,0,10,0,0,0,0,0,0,0,0,0,0,0,0,0,0,0
GL - OnePuttPro - 2026 - Sep 12 (1),25884371,3401019138,2026-09-20 00:30:00.0,0,0,0,0,0,0,0,0,0,0,0,0,21,0,0,0,0,0,21,0,0,0,0,0,0,0,0,0,0,0,0,0,0,0
GL - OnePuttPro - 2026 - Sep 12 (1),25884371,3401019138,2026-09-20 00:45:00.0,0,0,0,0,0,0,0,0,0,0,0,0,25,0,0,0,0,0,25,0,0,0,0,0,0,0,0,0,0,0,0,0,0,0
GL - OnePuttPro - 2026 - Sep 12 (1),25884371,3401019138,2026-09-20 03:30:00.0,0,0,0,0,0,0,0,0,0,0,0,0,6,0,0,0,0,0,6,0,0,0,0,0,0,0,0,0,0,0,0,0,0,0
GL - OnePuttPro - 2026 - Sep 12 (1),25884371,3401019138,2026-09-20 01:15:00.0,0,0,0,0,0,0,0,0,0,0,0,0,11,0,0,0,0,0,11,0,0,0,0,0,0,0,0,0,0,0,0,0,0,0
GL - OnePuttPro - 2026 - Sep 12 (1),25884371,3401019138,2026-09-20 01:30:00.0,0,0,0,0,0,0,0,0,0,0,0,0,28,0,0,0,0,0,28,0,0,0,0,0,0,0,0,0,0,0,0,0,0,0
GL - OnePuttPro - 2026 - Sep 12 (1),25884371,3401019138,2026-09-20 01:45:00.0,0,0,0,0,0,0,0,0,0,0,0,0,18,0,0,0,0,0,18,0,0,0,0,0,0,0,0,0,0,0,0,0,0,0
GL - OnePuttPro - 2026 - Sep 12 (1),25884371,3401019138,2026-09-20 02:00:00.0,0,0,0,0,0,0,0,0,0,0,0,0,18,0,0,0,0,0,18,0,0,0,0,0,0,0,0,0,0,0,0,0,0,0
GL - OnePuttPro - 2026 - Sep 12 (1),25884371,3401019138,2026-09-20 02:15:00.0,0,0,0,0,0,0,0,0,0,0,0,0,11,0,0,0,0,0,11,0,0,0,0,0,0,0,0,0,0,0,0,0,0,0
GL - OnePuttPro - 2026 - Sep 12 (1),25884371,3401019138,2026-09-20 02:30:00.0,0,0,0,0,0,0,0,0,0,0,0,0,21,0,0,0,0,0,21,0,0,0,0,0,0,0,0,0,0,0,0,0,0,0
GL - OnePuttPro - 2026 - Sep 12 (1),25884371,3401019138,2026-09-20 02:45:00.0,0,0,0,0,0,0,0,0,0,0,0,0,14,0,0,0,0,0,14,0,0,0,0,0,0,0,0,0,0,0,0,0,0,0
GL - OnePuttPro - 2026 - Sep 12 (1),25884371,3401019138,2026-09-20 03:00:00.0,0,0,0,0,0,0,0,0,0,0,0,0,7,0,0,0,0,0,7,0,0,0,0,0,0,0,0,0,0,0,0,0,0,0
GL - OnePuttPro - 2026 - Sep 12 (1),25884371,3401019138,2026-09-20 03:15:00.0,0,0,0,0,0,0,0,0,0,0,0,0,12,0,0,0,0,0,12,0,0,0,0,0,0,0,0,0,0,0,0,0,0,0
GL - OnePuttPro - 2026 - Sep 12 (1),25884371,3401019138,2026-09-20 06:00:00.0,0,0,0,0,0,0,0,0,0,0,0,0,3,0,0,0,0,0,3,0,0,0,0,0,0,0,0,0,0,0,0,0,0,0
GL - OnePuttPro - 2026 - Sep 12 (1),25884371,3401019138,2026-09-20 03:45:00.0,0,0,0,0,0,0,0,0,0,0,0,0,17,0,0,0,0,0,17,0,0,0,0,0,0,0,0,0,0,0,0,0,0,0
GL - OnePuttPro - 2026 - Sep 12 (1),25884371,3401019138,2026-09-20 04:00:00.0,0,0,0,0,0,0,0,0,0,0,0,0,10,0,0,0,0,0,10,0,0,0,0,0,0,0,0,0,0,0,0,0,0,0
GL - OnePuttPro - 2026 - Sep 12 (1),25884371,3401019138,2026-09-20 04:15:00.0,0,0,0,0,0,0,0,0,0,0,0,0,14,0,0,0,0,0,14,0,0,0,0,0,0,0,0,0,0,0,0,0,0,0
GL - OnePuttPro - 2026 - Sep 12 (1),25884371,3401019138,2026-09-20 04:30:00.0,0,0,0,0,0,0,0,0,0,0,0,0,6,0,0,0,0,0,6,0,0,0,0,0,0,0,0,0,0,0,0,0,0,0
GL - OnePuttPro - 2026 - Sep 12 (1),25884371,3401019138,2026-09-20 04:45:00.0,0,0,0,0,0,0,0,0,0,0,0,0,10,0,0,0,0,0,10,0,0,0,0,0,0,0,0,0,0,0,0,0,0,0
GL - OnePuttPro - 2026 - Sep 12 (1),25884371,3401019138,2026-09-20 05:00:00.0,0,0,0,0,0,0,0,0,0,0,0,0,8,0,0,0,0,0,8,0,0,0,0,0,0,0,0,0,0,0,0,0,0,0
GL - OnePuttPro - 2026 - Sep 12 (1),25884371,3401019138,2026-09-20 05:15:00.0,0,0,0,0,0,0,0,0,0,0,0,0,10,0,0,0,0,0,10,0,0,0,0,0,0,0,0,0,0,0,0,0,0,0
GL - OnePuttPro - 2026 - Sep 12 (1),25884371,3401019138,2026-09-20 05:30:00.0,0,0,0,0,0,0,0,0,0,0,0,0,11,0,0,0,0,0,11,0,0,0,0,0,0,0,0,0,0,0,0,0,0,0
GL - OnePuttPro - 2026 - Sep 12 (1),25884371,3401019138,2026-09-20 05:45:00.0,0,0,0,0,0,0,0,0,0,0,0,0,10,0,0,0,0,0,10,0,0,0,0,0,0,0,0,0,0,0,0,0,0,0
GL - OnePuttPro - 2026 - Sep 12 (1),25884371,3401019138,2026-09-20 08:30:00.0,0,0,0,0,0,0,0,0,0,0,0,0,8,0,0,0,0,0,8,0,0,0,0,0,0,0,0,0,0,0,0,0,0,0
GL - OnePuttPro - 2026 - Sep 12 (1),25884371,3401019138,2026-09-20 06:15:00.0,0,0,0,0,0,0,0,0,0,0,0,0,13,0,0,0,0,0,13,0,0,0,0,0,0,0,0,0,0,0,0,0,0,0
GL - OnePuttPro - 2026 - Sep 12 (1),25884371,3401019138,2026-09-20 06:30:00.0,0,0,0,0,0,0,0,0,0,0,0,0,14,0,0,0,0,0,14,0,0,0,0,0,0,0,0,0,0,0,0,0,0,0
GL - OnePuttPro - 2026 - Sep 12 (1),25884371,3401019138,2026-09-20 06:45:00.0,0,0,0,0,0,0,0,0,0,0,0,0,11,0,0,0,0,0,11,0,0,0,0,0,0,0,0,0,0,0,0,0,0,0
GL - OnePuttPro - 2026 - Sep 12 (1),25884371,3401019138,2026-09-20 07:00:00.0,0,0,0,0,0,0,0,0,0,0,0,0,5,0,0,0,0,0,5,0,0,0,0,0,0,0,0,0,0,0,0,0,0,0
GL - OnePuttPro - 2026 - Sep 12 (1),25884371,3401019138,2026-09-20 07:15:00.0,0,0,0,0,0,0,0,0,0,0,0,0,9,0,0,0,0,0,9,0,0,0,0,0,0,0,0,0,0,0,0,0,0,0
GL - OnePuttPro - 2026 - Sep 12 (1),25884371,3401019138,2026-09-20 07:30:00.0,0,0,0,0,0,0,0,0,0,0,0,0,7,0,0,0,0,0,7,0,0,0,0,0,0,0,0,0,0,0,0,0,0,0
GL - OnePuttPro - 2026 - Sep 12 (1),25884371,3401019138,2026-09-20 07:45:00.0,0,0,0,0,0,0,0,0,0,0,0,0,11,0,0,0,0,0,11,0,0,0,0,0,0,0,0,0,0,0,0,0,0,0
GL - OnePuttPro - 2026 - Sep 12 (1),25884371,3401019138,2026-09-20 08:00:00.0,0,0,0,0,0,0,0,0,0,0,0,0,6,0,0,0,0,0,6,0,0,0,0,0,0,0,0,0,0,0,0,0,0,0
GL - OnePuttPro - 2026 - Sep 12 (1),25884371,3401019138,2026-09-20 08:15:00.0,0,0,0,0,0,0,0,0,0,0,0,0,5,0,0,0,0,0,5,0,0,0,0,0,0,0,0,0,0,0,0,0,0,0
GL - OnePuttPro - 2026 - Sep 12 (1),25884371,3401019138,2026-09-20 11:00:00.0,0,0,0,0,0,0,0,0,0,0,0,0,11,0,0,0,0,0,11,0,0,0,0,0,0,0,0,0,0,0,0,0,0,0
GL - OnePuttPro - 2026 - Sep 12 (1),25884371,3401019138,2026-09-20 08:45:00.0,0,0,0,0,0,0,0,0,0,0,0,0,13,0,0,0,0,0,13,0,0,0,0,0,0,0,0,0,0,0,0,0,0,0
GL - OnePuttPro - 2026 - Sep 12 (1),25884371,3401019138,2026-09-20 09:00:00.0,0,0,0,0,0,0,0,0,0,0,0,0,14,0,0,0,0,0,14,0,0,0,0,0,0,0,0,0,0,0,0,0,0,0
GL - OnePuttPro - 2026 - Sep 12 (1),25884371,3401019138,2026-09-20 09:15:00.0,0,0,0,0,0,0,0,0,0,0,0,0,5,0,0,0,0,0,5,0,0,0,0,0,0,0,0,0,0,0,0,0,0,0
GL - OnePuttPro - 2026 - Sep 12 (1),25884371,3401019138,2026-09-20 09:30:00.0,0,0,0,0,0,0,0,0,0,0,0,0,11,0,0,0,0,0,11,0,0,0,0,0,0,0,0,0,0,0,0,0,0,0
GL - OnePuttPro - 2026 - Sep 12 (1),25884371,3401019138,2026-09-20 09:45:00.0,0,0,0,0,0,0,0,0,0,0,0,0,12,0,0,0,0,0,12,0,0,0,0,0,0,0,0,0,0,0,0,0,0,0
GL - OnePuttPro - 2026 - Sep 12 (1),25884371,3401019138,2026-09-20 10:00:00.0,0,0,0,0,0,0,0,0,0,0,0,0,9,0,0,0,0,0,9,0,0,0,0,0,0,0,0,0,0,0,0,0,0,0
GL - OnePuttPro - 2026 - Sep 12 (1),25884371,3401019138,2026-09-20 10:15:00.0,0,0,0,0,0,0,0,0,0,0,0,0,16,0,0,0,0,0,16,0,0,0,0,0,0,0,0,0,0,0,0,0,0,0
GL - OnePuttPro - 2026 - Sep 12 (1),25884371,3401019138,2026-09-20 10:30:00.0,0,0,0,0,0,0,0,0,0,0,0,0,7,0,0,0,0,0,7,0,0,0,0,0,0,0,0,0,0,0,0,0,0,0
GL - OnePuttPro - 2026 - Sep 12 (1),25884371,3401019138,2026-09-20 10:45:00.0,0,0,0,0,0,0,0,0,0,0,0,0,11,0,0,0,0,0,11,0,0,0,0,0,0,0,0,0,0,0,0,0,0,0
GL - OnePuttPro - 2026 - Sep 12 (1),25884371,3401019138,2026-09-20 13:30:00.0,0,0,0,0,0,0,0,0,0,0,0,0,13,0,0,0,0,0,13,0,0,0,0,0,0,0,0,0,0,0,0,0,0,0
GL - OnePuttPro - 2026 - Sep 12 (1),25884371,3401019138,2026-09-20 11:15:00.0,0,0,0,0,0,0,0,0,0,0,0,0,14,0,0,0,0,0,14,0,0,0,0,0,0,0,0,0,0,0,0,0,0,0
GL - OnePuttPro - 2026 - Sep 12 (1),25884371,3401019138,2026-09-20 11:30:00.0,0,0,0,0,0,0,0,0,0,0,0,0,14,0,0,0,0,0,14,0,0,0,0,0,0,0,0,0,0,0,0,0,0,0
GL - OnePuttPro - 2026 - Sep 12 (1),25884371,3401019138,2026-09-20 11:45:00.0,0,0,0,0,0,0,0,0,0,0,0,0,17,0,0,0,0,0,17,0,0,0,0,0,0,0,0,0,0,0,0,0,0,0
GL - OnePuttPro - 2026 - Sep 12 (1),25884371,3401019138,2026-09-20 12:00:00.0,0,0,0,0,0,0,0,0,0,0,0,0,14,0,0,0,0,0,14,0,0,0,0,0,0,0,0,0,0,0,0,0,0,0
GL - OnePuttPro - 2026 - Sep 12 (1),25884371,3401019138,2026-09-20 12:15:00.0,0,0,0,0,0,0,0,0,0,0,0,0,8,0,0,0,0,0,8,0,0,0,0,0,0,0,0,0,0,0,0,0,0,0
GL - OnePuttPro - 2026 - Sep 12 (1),25884371,3401019138,2026-09-20 12:30:00.0,0,0,0,0,0,0,0,0,0,0,0,0,12,0,0,0,0,0,12,0,0,0,0,0,0,0,0,0,0,0,0,0,0,0
GL - OnePuttPro - 2026 - Sep 12 (1),25884371,3401019138,2026-09-20 12:45:00.0,0,0,0,0,0,0,0,0,0,0,0,0,11,0,0,0,0,0,11,0,0,0,0,0,0,0,0,0,0,0,0,0,0,0
GL - OnePuttPro - 2026 - Sep 12 (1),25884371,3401019138,2026-09-20 13:00:00.0,0,0,0,0,0,0,0,0,0,0,0,0,6,0,0,0,0,0,6,0,0,0,0,0,0,0,0,0,0,0,0,0,0,0
GL - OnePuttPro - 2026 - Sep 12 (1),25884371,3401019138,2026-09-20 13:15:00.0,0,0,0,0,0,0,0,0,0,0,0,0,15,0,0,0,0,0,15,0,0,0,0,0,0,0,0,0,0,0,0,0,0,0
GL - OnePuttPro - 2026 - Sep 12 (1),25884371,3401019138,2026-09-20 16:00:00.0,0,0,0,0,0,0,0,0,0,0,0,0,7,0,0,0,0,0,7,0,0,0,0,0,0,0,0,0,0,0,0,0,0,0
GL - OnePuttPro - 2026 - Sep 12 (1),25884371,3401019138,2026-09-20 13:45:00.0,0,0,0,0,0,0,0,0,0,0,0,0,19,0,0,0,0,0,19,0,0,0,0,0,0,0,0,0,0,0,0,0,0,0
GL - OnePuttPro - 2026 - Sep 12 (1),25884371,3401019138,2026-09-20 14:00:00.0,0,0,0,0,0,0,0,0,0,0,0,0,19,0,0,0,0,0,18,0,0,0,0,0,0,0,1,0,0,0,0,0,0,0
GL - OnePuttPro - 2026 - Sep 12 (1),25884371,3401019138,2026-09-20 14:15:00.0,0,0,0,0,0,0,0,0,0,0,0,0,19,0,0,0,0,0,19,0,0,0,0,0,0,0,0,0,0,0,0,0,0,0
GL - OnePuttPro - 2026 - Sep 12 (1),25884371,3401019138,2026-09-20 14:30:00.0,0,0,0,0,0,0,0,0,0,0,0,0,7,0,0,0,0,0,7,0,0,0,0,0,0,0,0,0,0,0,0,0,0,0
GL - OnePuttPro - 2026 - Sep 12 (1),25884371,3401019138,2026-09-20 14:45:00.0,0,0,0,0,0,0,0,0,0,0,0,0,16,0,0,0,0,0,16,0,0,0,0,0,0,0,0,0,0,0,0,0,0,0
GL - OnePuttPro - 2026 - Sep 12 (1),25884371,3401019138,2026-09-20 15:00:00.0,0,0,0,0,0,0,0,0,0,0,0,0,5,0,0,0,0,0,5,0,0,0,0,0,0,0,0,0,0,0,0,0,0,0
GL - OnePuttPro - 2026 - Sep 12 (1),25884371,3401019138,2026-09-20 15:15:00.0,0,0,0,0,0,0,0,0,0,0,0,0,14,0,0,0,0,0,14,0,0,0,0,0,0,0,0,0,0,0,0,0,0,0
GL - OnePuttPro - 2026 - Sep 12 (1),25884371,3401019138,2026-09-20 15:30:00.0,0,0,0,0,0,0,0,0,0,0,0,0,9,0,0,0,0,0,9,0,0,0,0,0,0,0,0,0,0,0,0,0,0,0
GL - OnePuttPro - 2026 - Sep 12 (1),25884371,3401019138,2026-09-20 15:45:00.0,0,0,0,0,0,0,0,0,0,0,0,0,17,0,0,0,0,0,17,0,0,0,0,0,0,0,0,0,0,0,0,0,0,0
GL - OnePuttPro - 2026 - Sep 12 (1),25884371,3401019138,2026-09-20 18:30:00.0,0,0,0,0,0,0,0,0,0,0,0,0,8,0,0,0,0,0,8,0,0,0,0,0,0,0,0,0,0,0,0,0,0,0
GL - OnePuttPro - 2026 - Sep 12 (1),25884371,3401019138,2026-09-20 16:15:00.0,0,0,0,0,0,0,0,0,0,0,0,0,17,0,0,0,0,0,17,0,0,0,0,0,0,0,0,0,0,0,0,0,0,0
GL - OnePuttPro - 2026 - Sep 12 (1),25884371,3401019138,2026-09-20 16:30:00.0,0,0,0,0,0,0,0,0,0,0,0,0,10,0,0,0,0,0,10,0,0,0,0,0,0,0,0,0,0,0,0,0,0,0
GL - OnePuttPro - 2026 - Sep 12 (1),25884371,3401019138,2026-09-20 16:45:00.0,0,0,0,0,0,0,0,0,0,0,0,0,12,0,0,0,0,0,12,0,0,0,0,0,0,0,0,0,0,0,0,0,0,0
GL - OnePuttPro - 2026 - Sep 12 (1),25884371,3401019138,2026-09-20 17:00:00.0,0,0,0,0,0,0,0,0,0,0,0,0,14,0,0,0,0,0,14,0,0,0,0,0,0,0,0,0,0,0,0,0,0,0
GL - OnePuttPro - 2026 - Sep 12 (1),25884371,3401019138,2026-09-20 17:15:00.0,0,0,0,0,0,0,0,0,0,0,0,0,9,0,0,0,0,0,9,0,0,0,0,0,0,0,0,0,0,0,0,0,0,0
GL - OnePuttPro - 2026 - Sep 12 (1),25884371,3401019138,2026-09-20 17:30:00.0,0,0,0,0,0,0,0,0,0,0,0,0,10,0,0,0,0,0,10,0,0,0,0,0,0,0,0,0,0,0,0,0,0,0
GL - OnePuttPro - 2026 - Sep 12 (1),25884371,3401019138,2026-09-20 17:45:00.0,0,0,0,0,0,0,0,0,0,0,0,0,17,0,0,0,0,0,17,0,0,0,0,0,0,0,0,0,0,0,0,0,0,0
GL - OnePuttPro - 2026 - Sep 12 (1),25884371,3401019138,2026-09-20 18:00:00.0,0,0,0,0,0,0,0,0,0,0,0,0,9,0,0,0,0,0,9,0,0,0,0,0,0,0,0,0,0,0,0,0,0,0
GL - OnePuttPro - 2026 - Sep 12 (1),25884371,3401019138,2026-09-20 18:15:00.0,0,0,0,0,0,0,0,0,0,0,0,0,18,0,0,0,0,0,18,0,0,0,0,0,0,0,0,0,0,0,0,0,0,0
GL - OnePuttPro - 2026 - Sep 12 (1),25884371,3401019138,2026-09-20 21:00:00.0,0,0,0,0,0,0,0,0,0,0,0,0,13,0,0,0,0,0,13,0,0,0,0,0,0,0,0,0,0,0,0,0,0,0
GL - OnePuttPro - 2026 - Sep 12 (1),25884371,3401019138,2026-09-20 18:45:00.0,0,0,0,0,0,0,0,0,0,0,0,0,11,0,0,0,0,0,11,0,0,0,0,0,0,0,0,0,0,0,0,0,0,0
GL - OnePuttPro - 2026 - Sep 12 (1),25884371,3401019138,2026-09-20 19:00:00.0,0,0,0,0,0,0,0,0,0,0,0,0,16,0,0,0,0,0,16,0,0,0,0,0,0,0,0,0,0,0,0,0,0,0
GL - OnePuttPro - 2026 - Sep 12 (1),25884371,3401019138,2026-09-20 19:15:00.0,0,0,0,0,0,0,0,0,0,0,0,0,19,0,0,0,0,0,19,0,0,0,0,0,0,0,0,0,0,0,0,0,0,0
GL - OnePuttPro - 2026 - Sep 12 (1),25884371,3401019138,2026-09-20 19:30:00.0,0,0,0,0,0,0,0,0,0,0,0,0,10,0,0,0,0,0,10,0,0,0,0,0,0,0,0,0,0,0,0,0,0,0
GL - OnePuttPro - 2026 - Sep 12 (1),25884371,3401019138,2026-09-20 19:45:00.0,0,0,0,0,0,0,0,0,0,0,0,0,3,0,0,0,0,0,3,0,0,0,0,0,0,0,0,0,0,0,0,0,0,0
GL - OnePuttPro - 2026 - Sep 12 (1),25884371,3401019138,2026-09-20 20:00:00.0,0,0,0,0,0,0,0,0,0,0,0,0,14,0,0,0,0,0,14,0,0,0,0,0,0,0,0,0,0,0,0,0,0,0
GL - OnePuttPro - 2026 - Sep 12 (1),25884371,3401019138,2026-09-20 20:15:00.0,0,0,0,0,0,0,0,0,0,0,0,0,8,0,0,0,0,0,8,0,0,0,0,0,0,0,0,0,0,0,0,0,0,0
GL - OnePuttPro - 2026 - Sep 12 (1),25884371,3401019138,2026-09-20 20:30:00.0,0,0,0,0,0,0,0,0,0,0,0,0,12,0,0,0,0,0,12,0,0,0,0,0,0,0,0,0,0,0,0,0,0,0
GL - OnePuttPro - 2026 - Sep 12 (1),25884371,3401019138,2026-09-20 20:45:00.0,0,0,0,0,0,0,0,0,0,0,0,0,19,0,0,0,0,0,19,0,0,0,0,0,0,0,0,0,0,0,0,0,0,0
GL - OnePuttPro - 2026 - Sep 12 (1),25884371,3401019138,2026-09-20 23:30:00.0,0,0,0,0,0,0,0,0,0,0,0,0,11,0,0,0,0,0,11,0,0,0,0,0,0,0,0,0,0,0,0,0,0,0
GL - OnePuttPro - 2026 - Sep 12 (1),25884371,3401019138,2026-09-20 21:15:00.0,0,0,0,0,0,0,0,0,0,0,0,0,17,0,0,0,0,0,16,0,0,0,0,0,0,0,1,0,0,0,0,0,0,0
GL - OnePuttPro - 2026 - Sep 12 (1),25884371,3401019138,2026-09-20 21:30:00.0,0,0,0,0,0,0,0,0,0,0,0,0,9,0,0,0,0,0,9,0,0,0,0,0,0,0,0,0,0,0,0,0,0,0
GL - OnePuttPro - 2026 - Sep 12 (1),25884371,3401019138,2026-09-20 21:45:00.0,0,0,0,0,0,0,0,0,0,0,0,0,22,0,0,0,0,0,22,0,0,0,0,0,0,0,0,0,0,0,0,0,0,0
GL - OnePuttPro - 2026 - Sep 12 (1),25884371,3401019138,2026-09-20 22:00:00.0,0,0,0,0,0,0,0,0,0,0,0,0,11,0,0,0,0,0,11,0,0,0,0,0,0,0,0,0,0,0,0,0,0,0
GL - OnePuttPro - 2026 - Sep 12 (1),25884371,3401019138,2026-09-20 22:15:00.0,0,0,0,0,0,0,0,0,0,0,0,0,16,0,0,0,0,0,16,0,0,0,0,0,0,0,0,0,0,0,0,0,0,0
GL - OnePuttPro - 2026 - Sep 12 (1),25884371,3401019138,2026-09-20 22:30:00.0,0,0,0,0,0,0,0,0,0,0,0,0,12,0,0,0,0,0,12,0,0,0,0,0,0,0,0,0,0,0,0,0,0,0
GL - OnePuttPro - 2026 - Sep 12 (1),25884371,3401019138,2026-09-20 22:45:00.0,0,0,0,0,0,0,0,0,0,0,0,0,22,0,0,0,0,0,22,0,0,0,0,0,0,0,0,0,0,0,0,0,0,0
GL - OnePuttPro - 2026 - Sep 12 (1),25884371,3401019138,2026-09-20 23:00:00.0,0,0,0,0,0,0,0,0,0,0,0,0,16,0,0,0,0,0,16,0,0,0,0,0,0,0,0,0,0,0,0,0,0,0
GL - OnePuttPro - 2026 - Sep 12 (1),25884371,3401019138,2026-09-20 23:15:00.0,0,0,0,0,0,0,0,0,0,0,0,0,19,0,0,0,0,0,19,0,0,0,0,0,0,0,0,0,0,0,0,0,0,0
GL - OnePuttPro - 2026 - Sep 12 (1),25884371,3401019138,2026-09-21 02:00:00.0,0,0,0,0,0,0,0,0,0,0,0,0,14,0,0,0,0,0,14,0,0,0,0,0,0,0,0,0,0,0,0,0,0,0
GL - OnePuttPro - 2026 - Sep 12 (1),25884371,3401019138,2026-09-20 23:45:00.0,0,0,0,0,0,0,0,0,0,0,0,0,18,0,0,0,0,0,18,0,0,0,0,0,0,0,0,0,0,0,0,0,0,0
GL - OnePuttPro - 2026 - Sep 12 (1),25884371,3401019138,2026-09-21 00:00:00.0,0,0,0,0,0,0,0,0,0,0,0,0,20,0,0,0,0,0,20,0,0,0,0,0,0,0,0,0,0,0,0,0,0,0
GL - OnePuttPro - 2026 - Sep 12 (1),25884371,3401019138,2026-09-21 00:15:00.0,0,0,0,0,0,0,0,0,0,0,0,0,14,0,0,0,0,0,14,0,0,0,0,0,0,0,0,0,0,0,0,0,0,0
GL - OnePuttPro - 2026 - Sep 12 (1),25884371,3401019138,2026-09-21 00:30:00.0,0,0,0,0,0,0,0,0,0,0,0,0,25,0,0,0,0,0,25,0,0,0,0,0,0,0,0,0,0,0,0,0,0,0
GL - OnePuttPro - 2026 - Sep 12 (1),25884371,3401019138,2026-09-21 00:45:00.0,0,0,0,0,0,0,0,0,0,0,0,0,16,0,0,0,0,0,16,0,0,0,0,0,0,0,0,0,0,0,0,0,0,0
GL - OnePuttPro - 2026 - Sep 12 (1),25884371,3401019138,2026-09-21 01:00:00.0,0,0,0,0,0,0,0,0,0,0,0,0,11,0,0,0,0,0,11,0,0,0,0,0,0,0,0,0,0,0,0,0,0,0
GL - OnePuttPro - 2026 - Sep 12 (1),25884371,3401019138,2026-09-21 01:15:00.0,0,0,0,0,0,0,0,0,0,0,0,0,12,0,0,0,0,0,12,0,0,0,0,0,0,0,0,0,0,0,0,0,0,0
GL - OnePuttPro - 2026 - Sep 12 (1),25884371,3401019138,2026-09-21 01:30:00.0,0,0,0,0,0,0,0,0,0,0,0,0,13,0,0,0,0,0,13,0,0,0,0,0,0,0,0,0,0,0,0,0,0,0
GL - OnePuttPro - 2026 - Sep 12 (1),25884371,3401019138,2026-09-21 01:45:00.0,0,0,0,0,0,0,0,0,0,1,0,0,12,0,0,0,0,0,12,0,0,0,0,0,0,0,0,0,0,0,0,0,0,0
GL - OnePuttPro - 2026 - Sep 12 (1),25884371,3401019138,2026-09-21 04:30:00.0,0,0,0,0,0,0,0,0,0,0,0,0,8,0,0,0,0,0,8,0,0,0,0,0,0,0,0,0,0,0,0,0,0,0
GL - OnePuttPro - 2026 - Sep 12 (1),25884371,3401019138,2026-09-21 02:15:00.0,0,0,0,0,0,0,0,0,0,0,0,0,20,0,0,0,0,0,20,0,0,0,0,0,0,0,0,0,0,0,0,0,0,0
GL - OnePuttPro - 2026 - Sep 12 (1),25884371,3401019138,2026-09-21 02:30:00.0,0,0,0,0,0,0,0,0,0,0,0,0,12,0,0,0,0,0,12,0,0,0,0,0,0,0,0,0,0,0,0,0,0,0
GL - OnePuttPro - 2026 - Sep 12 (1),25884371,3401019138,2026-09-21 02:45:00.0,0,0,0,0,0,0,0,0,0,0,0,0,14,0,0,0,0,0,14,0,0,0,0,0,0,0,0,0,0,0,0,0,0,0
GL - OnePuttPro - 2026 - Sep 12 (1),25884371,3401019138,2026-09-21 03:00:00.0,0,0,0,0,0,0,0,0,0,0,0,0,8,0,0,0,0,0,8,0,0,0,0,0,0,0,0,0,0,0,0,0,0,0
GL - OnePuttPro - 2026 - Sep 12 (1),25884371,3401019138,2026-09-21 03:15:00.0,0,0,0,0,0,0,0,0,0,0,0,0,18,0,0,0,0,0,18,0,0,0,0,0,0,0,0,0,0,0,0,0,0,0
GL - OnePuttPro - 2026 - Sep 12 (1),25884371,3401019138,2026-09-21 03:30:00.0,0,0,0,0,0,0,0,0,0,0,0,0,18,0,0,0,0,0,18,0,0,0,0,0,0,0,0,0,0,0,0,0,0,0
GL - OnePuttPro - 2026 - Sep 12 (1),25884371,3401019138,2026-09-21 03:45:00.0,0,0,0,0,0,0,0,0,0,0,0,0,11,0,0,0,0,0,11,0,0,0,0,0,0,0,0,0,0,0,0,0,0,0
GL - OnePuttPro - 2026 - Sep 12 (1),25884371,3401019138,2026-09-21 04:00:00.0,0,0,0,0,0,0,0,0,0,0,0,0,11,0,0,0,0,0,11,0,0,0,0,0,0,0,0,0,0,0,0,0,0,0
GL - OnePuttPro - 2026 - Sep 12 (1),25884371,3401019138,2026-09-21 04:15:00.0,0,0,0,0,0,0,0,0,0,0,0,0,10,0,0,0,0,0,10,0,0,0,0,0,0,0,0,0,0,0,0,0,0,0
GL - OnePuttPro - 2026 - Sep 12 (1),25884371,3401019138,2026-09-21 07:00:00.0,0,0,0,0,0,0,0,0,0,0,0,0,8,0,0,0,0,0,8,0,0,0,0,0,0,0,0,0,0,0,0,0,0,0
GL - OnePuttPro - 2026 - Sep 12 (1),25884371,3401019138,2026-09-21 04:45:00.0,0,0,0,0,0,0,0,0,0,0,0,0,9,0,0,0,0,0,9,0,0,0,0,0,0,0,0,0,0,0,0,0,0,0
GL - OnePuttPro - 2026 - Sep 12 (1),25884371,3401019138,2026-09-21 05:00:00.0,0,0,0,0,0,0,0,0,0,0,0,0,8,0,0,0,0,0,8,0,0,0,0,0,0,0,0,0,0,0,0,0,0,0
GL - OnePuttPro - 2026 - Sep 12 (1),25884371,3401019138,2026-09-21 05:15:00.0,0,0,0,0,0,0,0,0,0,0,0,0,12,0,0,0,0,0,12,0,0,0,0,0,0,0,0,0,0,0,0,0,0,0
GL - OnePuttPro - 2026 - Sep 12 (1),25884371,3401019138,2026-09-21 05:30:00.0,0,0,0,0,0,0,0,0,0,0,0,0,5,0,0,0,0,0,5,0,0,0,0,0,0,0,0,0,0,0,0,0,0,0
GL - OnePuttPro - 2026 - Sep 12 (1),25884371,3401019138,2026-09-21 05:45:00.0,0,0,0,0,0,0,0,0,0,0,0,0,8,0,0,0,0,0,8,0,0,0,0,0,0,0,0,0,0,0,0,0,0,0
GL - OnePuttPro - 2026 - Sep 12 (1),25884371,3401019138,2026-09-21 06:00:00.0,0,0,0,0,0,0,0,0,0,0,0,0,7,0,0,0,0,0,7,0,0,0,0,0,0,0,0,0,0,0,0,0,0,0
GL - OnePuttPro - 2026 - Sep 12 (1),25884371,3401019138,2026-09-21 06:15:00.0,0,0,0,0,0,0,0,0,0,0,0,0,15,0,0,0,0,0,15,0,0,0,0,0,0,0,0,0,0,0,0,0,0,0
GL - OnePuttPro - 2026 - Sep 12 (1),25884371,3401019138,2026-09-21 06:30:00.0,0,0,0,0,0,0,0,0,0,0,0,0,5,0,0,0,0,0,5,0,0,0,0,0,0,0,0,0,0,0,0,0,0,0
GL - OnePuttPro - 2026 - Sep 12 (1),25884371,3401019138,2026-09-21 06:45:04.0,0,0,0,0,0,0,0,0,0,0,0,0,7,0,0,0,0,0,7,0,0,0,0,0,0,0,0,0,0,0,0,0,0,0
GL - OnePuttPro - 2026 - Sep 12 (1),25884371,3401019138,2026-09-21 09:30:00.0,0,0,0,0,0,0,0,0,0,0,0,0,11,0,0,0,0,0,11,0,0,0,0,0,0,0,0,0,0,0,0,0,0,0
GL - OnePuttPro - 2026 - Sep 12 (1),25884371,3401019138,2026-09-21 07:15:00.0,0,0,0,0,0,0,0,0,0,0,0,0,8,0,0,0,0,0,8,0,0,0,0,0,0,0,0,0,0,0,0,0,0,0
GL - OnePuttPro - 2026 - Sep 12 (1),25884371,3401019138,2026-09-21 07:30:00.0,0,0,0,0,0,0,0,0,0,0,0,0,7,0,0,0,0,0,7,0,0,0,0,0,0,0,0,0,0,0,0,0,0,0
GL - OnePuttPro - 2026 - Sep 12 (1),25884371,3401019138,2026-09-21 07:45:00.0,0,0,0,0,0,0,0,0,0,0,0,0,2,0,0,0,0,0,2,0,0,0,0,0,0,0,0,0,0,0,0,0,0,0
GL - OnePuttPro - 2026 - Sep 12 (1),25884371,3401019138,2026-09-21 08:00:00.0,0,0,0,0,0,0,0,0,0,0,0,0,6,0,0,0,0,0,6,0,0,0,0,0,0,0,0,0,0,0,0,0,0,0
GL - OnePuttPro - 2026 - Sep 12 (1),25884371,3401019138,2026-09-21 08:15:00.0,0,0,0,0,0,0,0,0,0,0,0,0,7,0,0,0,0,0,7,0,0,0,0,0,0,0,0,0,0,0,0,0,0,0
GL - OnePuttPro - 2026 - Sep 12 (1),25884371,3401019138,2026-09-21 08:30:00.0,0,0,0,0,0,0,0,0,0,0,0,0,6,0,0,0,0,0,6,0,0,0,0,0,0,0,0,0,0,0,0,0,0,0
GL - OnePuttPro - 2026 - Sep 12 (1),25884371,3401019138,2026-09-21 08:45:00.0,0,0,0,0,0,0,0,0,0,0,0,0,11,0,0,0,0,0,11,0,0,0,0,0,0,0,0,0,0,0,0,0,0,0
GL - OnePuttPro - 2026 - Sep 12 (1),25884371,3401019138,2026-09-21 09:00:00.0,0,0,0,0,0,0,0,0,0,0,0,0,9,0,0,0,0,0,9,0,0,0,0,0,0,0,0,0,0,0,0,0,0,0
GL - OnePuttPro - 2026 - Sep 12 (1),25884371,3401019138,2026-09-21 09:15:00.0,0,0,0,0,0,0,0,0,0,0,0,0,9,0,0,0,0,0,9,0,0,0,0,0,0,0,0,0,0,0,0,0,0,0
GL - OnePuttPro - 2026 - Sep 12 (1),25884371,3401019138,2026-09-21 12:00:00.0,0,0,0,0,0,0,0,0,0,0,0,0,12,0,0,0,0,0,12,0,0,0,0,0,0,0,0,0,0,0,0,0,0,0
GL - OnePuttPro - 2026 - Sep 12 (1),25884371,3401019138,2026-09-21 09:45:00.0,0,0,0,0,0,0,0,0,0,0,0,0,9,0,0,0,0,0,9,0,0,0,0,0,0,0,0,0,0,0,0,0,0,0
GL - OnePuttPro - 2026 - Sep 12 (1),25884371,3401019138,2026-09-21 10:00:00.0,0,0,0,0,0,0,0,0,0,0,0,0,7,0,0,0,0,0,7,0,0,0,0,0,0,0,0,0,0,0,0,0,0,0
GL - OnePuttPro - 2026 - Sep 12 (1),25884371,3401019138,2026-09-21 10:15:00.0,0,0,0,0,0,0,0,0,0,0,0,0,15,0,0,0,0,0,15,0,0,0,0,0,0,0,0,0,0,0,0,0,0,0
GL - OnePuttPro - 2026 - Sep 12 (1),25884371,3401019138,2026-09-21 10:30:00.0,0,0,0,0,0,0,0,0,0,0,0,0,20,0,0,0,0,0,20,0,0,0,0,0,0,0,0,0,0,0,0,0,0,0
GL - OnePuttPro - 2026 - Sep 12 (1),25884371,3401019138,2026-09-21 10:45:00.0,0,0,0,0,0,0,0,0,0,0,0,0,11,0,0,0,0,0,11,0,0,0,0,0,0,0,0,0,0,0,0,0,0,0
GL - OnePuttPro - 2026 - Sep 12 (1),25884371,3401019138,2026-09-21 11:00:00.0,0,0,0,0,0,0,0,0,0,0,0,0,14,0,0,0,0,0,14,0,0,0,0,0,0,0,0,0,0,0,0,0,0,0
GL - OnePuttPro - 2026 - Sep 12 (1),25884371,3401019138,2026-09-21 11:15:00.0,0,0,0,0,0,0,0,0,0,0,0,0,10,0,0,0,0,0,10,0,0,0,0,0,0,0,0,0,0,0,0,0,0,0
GL - OnePuttPro - 2026 - Sep 12 (1),25884371,3401019138,2026-09-21 11:30:00.0,0,0,0,0,0,0,0,0,0,0,0,0,9,0,0,0,0,0,9,0,0,0,0,0,0,0,0,0,0,0,0,0,0,0
GL - OnePuttPro - 2026 - Sep 12 (1),25884371,3401019138,2026-09-21 11:45:00.0,0,0,0,0,0,0,0,0,0,1,0,0,6,0,0,0,0,0,5,0,0,0,0,0,0,0,1,0,0,0,0,0,0,0
GL - OnePuttPro - 2026 - Sep 12 (1),25884371,3401019138,2026-09-21 14:30:00.0,0,0,0,0,0,0,0,0,0,0,0,0,10,0,0,0,0,0,10,0,0,0,0,0,0,0,0,0,0,0,0,0,0,0
GL - OnePuttPro - 2026 - Sep 12 (1),25884371,3401019138,2026-09-21 12:15:00.0,0,0,0,0,0,0,0,0,0,0,0,0,15,0,0,0,0,0,15,0,0,0,0,0,0,0,0,0,0,0,0,0,0,0
GL - OnePuttPro - 2026 - Sep 12 (1),25884371,3401019138,2026-09-21 12:30:00.0,0,0,0,0,0,0,0,0,0,0,0,0,10,0,0,0,0,0,10,0,0,0,0,0,0,0,0,0,0,0,0,0,0,0
GL - OnePuttPro - 2026 - Sep 12 (1),25884371,3401019138,2026-09-21 12:45:00.0,0,0,0,0,0,0,0,0,0,0,0,0,11,0,0,0,0,0,11,0,0,0,0,0,0,0,0,0,0,0,0,0,0,0
GL - OnePuttPro - 2026 - Sep 12 (1),25884371,3401019138,2026-09-21 13:00:00.0,0,0,0,0,0,0,0,0,0,0,0,0,16,0,0,0,0,0,16,0,0,0,0,0,0,0,0,0,0,0,0,0,0,0
GL - OnePuttPro - 2026 - Sep 12 (1),25884371,3401019138,2026-09-21 13:15:00.0,0,0,0,0,0,0,0,0,0,0,0,0,10,0,0,0,0,0,10,0,0,0,0,0,0,0,0,0,0,0,0,0,0,0
GL - OnePuttPro - 2026 - Sep 12 (1),25884371,3401019138,2026-09-21 13:30:00.0,0,0,0,0,0,0,0,0,0,0,0,0,22,0,0,0,0,0,22,0,0,0,0,0,0,0,0,0,0,0,0,0,0,0
GL - OnePuttPro - 2026 - Sep 12 (1),25884371,3401019138,2026-09-21 13:45:00.0,0,0,0,0,0,0,0,0,0,0,0,0,16,0,0,0,0,0,16,0,0,0,0,0,0,0,0,0,0,0,0,0,0,0
GL - OnePuttPro - 2026 - Sep 12 (1),25884371,3401019138,2026-09-21 14:00:00.0,0,0,0,0,0,0,0,0,0,0,0,0,14,0,0,0,0,0,14,0,0,0,0,0,0,0,0,0,0,0,0,0,0,0
GL - OnePuttPro - 2026 - Sep 12 (1),25884371,3401019138,2026-09-21 14:15:00.0,0,0,0,0,0,0,0,0,0,0,0,0,13,0,0,0,0,0,13,0,0,0,0,0,0,0,0,0,0,0,0,0,0,0
GL - OnePuttPro - 2026 - Sep 12 (1),25884371,3401019138,2026-09-21 17:00:00.0,0,0,0,0,0,0,0,0,0,0,0,0,10,0,0,0,0,0,10,0,0,0,0,0,0,0,0,0,0,0,0,0,0,0
GL - OnePuttPro - 2026 - Sep 12 (1),25884371,3401019138,2026-09-21 14:45:00.0,0,0,0,0,0,0,0,0,0,0,0,0,11,0,0,0,0,0,11,0,0,0,0,0,0,0,0,0,0,0,0,0,0,0
GL - OnePuttPro - 2026 - Sep 12 (1),25884371,3401019138,2026-09-21 15:00:00.0,0,0,0,0,0,0,0,0,0,0,0,0,13,0,0,0,0,0,13,0,0,0,0,0,0,0,0,0,0,0,0,0,0,0
GL - OnePuttPro - 2026 - Sep 12 (1),25884371,3401019138,2026-09-21 15:15:00.0,0,0,0,0,0,0,0,0,0,0,0,0,14,0,0,0,0,0,14,0,0,0,0,0,0,0,0,0,0,0,0,0,0,0
GL - OnePuttPro - 2026 - Sep 12 (1),25884371,3401019138,2026-09-21 15:30:00.0,0,0,0,0,0,0,0,0,0,0,0,0,12,0,0,0,0,0,12,0,0,0,0,0,0,0,0,0,0,0,0,0,0,0
GL - OnePuttPro - 2026 - Sep 12 (1),25884371,3401019138,2026-09-21 15:45:00.0,0,0,0,0,0,0,0,0,0,0,0,0,20,0,0,0,0,0,20,0,0,0,0,0,0,0,0,0,0,0,0,0,0,0
GL - OnePuttPro - 2026 - Sep 12 (1),25884371,3401019138,2026-09-21 16:00:00.0,0,0,0,0,0,0,0,0,0,0,0,0,13,0,0,0,0,0,13,0,0,0,0,0,0,0,0,0,0,0,0,0,0,0
GL - OnePuttPro - 2026 - Sep 12 (1),25884371,3401019138,2026-09-21 16:15:00.0,0,0,0,0,0,0,0,0,0,0,0,0,10,0,0,0,0,0,10,0,0,0,0,0,0,0,0,0,0,0,0,0,0,0
GL - OnePuttPro - 2026 - Sep 12 (1),25884371,3401019138,2026-09-21 16:30:00.0,0,0,0,0,0,0,0,0,0,0,0,0,14,0,0,0,0,0,14,0,0,0,0,0,0,0,0,0,0,0,0,0,0,0
GL - OnePuttPro - 2026 - Sep 12 (1),25884371,3401019138,2026-09-21 16:45:00.0,0,0,0,0,0,0,0,0,0,0,0,0,10,0,0,0,0,0,10,0,0,0,0,0,0,0,0,0,0,0,0,0,0,0
GL - OnePuttPro - 2026 - Sep 12 (1),25884371,3401019138,2026-09-21 19:30:00.0,0,0,0,0,0,0,0,0,0,0,0,0,16,0,0,0,0,0,16,0,0,0,0,0,0,0,0,0,0,0,0,0,0,0
GL - OnePuttPro - 2026 - Sep 12 (1),25884371,3401019138,2026-09-21 17:15:00.0,0,0,0,0,0,0,0,0,0,0,0,0,17,0,0,0,0,0,17,0,0,0,0,0,0,0,0,0,0,0,0,0,0,0
GL - OnePuttPro - 2026 - Sep 12 (1),25884371,3401019138,2026-09-21 17:30:00.0,0,0,0,0,0,0,0,0,0,0,0,0,15,0,0,0,0,0,15,0,0,0,0,0,0,0,0,0,0,0,0,0,0,0
GL - OnePuttPro - 2026 - Sep 12 (1),25884371,3401019138,2026-09-21 17:45:00.0,0,0,0,0,0,0,0,0,0,0,0,0,6,0,0,0,0,0,6,0,0,0,0,0,0,0,0,0,0,0,0,0,0,0
GL - OnePuttPro - 2026 - Sep 12 (1),25884371,3401019138,2026-09-21 18:00:00.0,0,0,0,0,0,0,0,0,0,0,0,0,17,0,0,0,0,0,17,0,0,0,0,0,0,0,0,0,0,0,0,0,0,0
GL - OnePuttPro - 2026 - Sep 12 (1),25884371,3401019138,2026-09-21 18:15:00.0,0,0,0,0,0,0,0,0,0,0,0,0,11,0,0,0,0,0,11,0,0,0,0,0,0,0,0,0,0,0,0,0,0,0
GL - OnePuttPro - 2026 - Sep 12 (1),25884371,3401019138,2026-09-21 18:30:00.0,0,0,0,0,0,0,0,0,0,0,0,0,11,0,0,0,0,0,11,0,0,0,0,0,0,0,0,0,0,0,0,0,0,0
GL - OnePuttPro - 2026 - Sep 12 (1),25884371,3401019138,2026-09-21 18:45:00.0,0,0,0,0,0,0,0,0,0,0,0,0,10,0,0,0,0,0,10,0,0,0,0,0,0,0,0,0,0,0,0,0,0,0
GL - OnePuttPro - 2026 - Sep 12 (1),25884371,3401019138,2026-09-21 19:00:00.0,0,0,0,0,0,0,0,0,0,0,0,0,13,0,0,0,0,0,13,0,0,0,0,0,0,0,0,0,0,0,0,0,0,0
GL - OnePuttPro - 2026 - Sep 12 (1),25884371,3401019138,2026-09-21 19:15:00.0,0,0,0,0,0,0,0,0,0,1,0,0,7,0,0,0,0,0,7,0,0,0,0,0,0,0,0,0,0,0,0,0,0,0
GL - OnePuttPro - 2026 - Sep 12 (1),25884371,3401019138,2026-09-21 22:00:00.0,0,0,0,0,0,0,0,0,0,0,0,0,11,0,0,0,0,0,11,0,0,0,0,0,0,0,0,0,0,0,0,0,0,0
GL - OnePuttPro - 2026 - Sep 12 (1),25884371,3401019138,2026-09-21 19:45:00.0,0,0,0,0,0,0,0,0,0,0,0,0,17,0,0,0,0,0,17,0,0,0,0,0,0,0,0,0,0,0,0,0,0,0
GL - OnePuttPro - 2026 - Sep 12 (1),25884371,3401019138,2026-09-21 20:00:00.0,0,0,0,0,0,0,0,0,0,0,0,0,18,0,0,0,0,0,18,0,0,0,0,0,0,0,0,0,0,0,0,0,0,0
GL - OnePuttPro - 2026 - Sep 12 (1),25884371,3401019138,2026-09-21 20:15:00.0,0,0,0,0,0,0,0,0,0,0,0,0,13,0,0,0,0,0,13,0,0,0,0,0,0,0,0,0,0,0,0,0,0,0
GL - OnePuttPro - 2026 - Sep 12 (1),25884371,3401019138,2026-09-21 20:30:00.0,0,0,0,0,0,0,0,0,0,0,0,0,10,0,0,0,0,0,9,0,0,0,0,0,0,0,1,0,0,0,0,0,0,0
GL - OnePuttPro - 2026 - Sep 12 (1),25884371,3401019138,2026-09-21 20:45:00.0,0,0,0,0,0,0,0,0,0,0,0,0,12,0,0,0,0,0,12,0,0,0,0,0,0,0,0,0,0,0,0,0,0,0
GL - OnePuttPro - 2026 - Sep 12 (1),25884371,3401019138,2026-09-21 21:00:00.0,0,0,0,0,0,0,0,0,0,0,0,0,9,0,0,0,0,0,9,0,0,0,0,0,0,0,0,0,0,0,0,0,0,0
GL - OnePuttPro - 2026 - Sep 12 (1),25884371,3401019138,2026-09-21 21:15:00.0,0,0,0,0,0,0,0,0,0,0,0,0,10,0,0,0,0,0,10,0,0,0,0,0,0,0,0,0,0,0,0,0,0,0
GL - OnePuttPro - 2026 - Sep 12 (1),25884371,3401019138,2026-09-21 21:30:00.0,0,0,0,0,0,0,0,0,0,0,0,0,10,0,0,0,0,0,10,0,0,0,0,0,0,0,0,0,0,0,0,0,0,0
GL - OnePuttPro - 2026 - Sep 12 (1),25884371,3401019138,2026-09-21 21:45:00.0,0,0,0,0,0,0,0,0,0,0,0,0,9,0,0,0,0,0,9,0,0,0,0,0,0,0,0,0,0,0,0,0,0,0
GL - OnePuttPro - 2026 - Sep 12 (1),25884371,3401019138,2026-09-22 00:30:00.0,0,0,0,0,0,0,0,0,0,0,0,0,12,0,0,0,0,0,12,0,0,0,0,0,0,0,0,0,0,0,0,0,0,0
GL - OnePuttPro - 2026 - Sep 12 (1),25884371,3401019138,2026-09-21 22:15:00.0,0,0,0,0,0,0,0,0,0,0,0,0,13,0,0,0,0,0,13,0,0,0,0,0,0,0,0,0,0,0,0,0,0,0
GL - OnePuttPro - 2026 - Sep 12 (1),25884371,3401019138,2026-09-21 22:30:00.0,0,0,0,0,0,0,0,0,0,0,0,0,14,0,0,0,0,0,14,0,0,0,0,0,0,0,0,0,0,0,0,0,0,0
GL - OnePuttPro - 2026 - Sep 12 (1),25884371,3401019138,2026-09-21 22:45:00.0,0,0,0,0,0,0,0,0,0,0,0,0,23,0,0,0,0,0,23,0,0,0,0,0,0,0,0,0,0,0,0,0,0,0
GL - OnePuttPro - 2026 - Sep 12 (1),25884371,3401019138,2026-09-21 23:00:00.0,0,0,0,0,0,0,0,0,0,0,0,0,19,0,0,0,0,0,19,0,0,0,0,0,0,0,0,0,0,0,0,0,0,0
GL - OnePuttPro - 2026 - Sep 12 (1),25884371,3401019138,2026-09-21 23:15:00.0,0,0,0,0,0,0,0,0,0,0,0,0,15,0,0,0,0,0,15,0,0,0,0,0,0,0,0,0,0,0,0,0,0,0
GL - OnePuttPro - 2026 - Sep 12 (1),25884371,3401019138,2026-09-21 23:30:00.0,0,0,0,0,0,0,0,0,0,0,0,0,16,0,0,0,0,0,16,0,0,0,0,0,0,0,0,0,0,0,0,0,0,0
GL - OnePuttPro - 2026 - Sep 12 (1),25884371,3401019138,2026-09-21 23:45:00.0,0,0,0,0,0,0,0,0,0,0,0,0,21,0,0,0,0,0,21,0,0,0,0,0,0,0,0,0,0,0,0,0,0,0
GL - OnePuttPro - 2026 - Sep 12 (1),25884371,3401019138,2026-09-22 00:00:00.0,0,0,0,0,0,0,0,0,0,0,0,0,14,0,0,0,0,0,14,0,0,0,0,0,0,0,0,0,0,0,0,0,0,0
GL - OnePuttPro - 2026 - Sep 12 (1),25884371,3401019138,2026-09-22 00:15:00.0,0,0,0,0,0,0,0,0,0,0,0,0,23,0,0,0,0,0,23,0,0,0,0,0,0,0,0,0,0,0,0,0,0,0
GL - OnePuttPro - 2026 - Sep 12 (1),25884371,3401019138,2026-09-22 03:00:00.0,0,0,0,0,0,0,0,0,0,0,0,0,7,0,0,0,0,0,7,0,0,0,0,0,0,0,0,0,0,0,0,0,0,0
GL - OnePuttPro - 2026 - Sep 12 (1),25884371,3401019138,2026-09-22 00:45:00.0,0,0,0,0,0,0,0,0,0,0,0,0,17,0,0,0,0,0,17,0,0,0,0,0,0,0,0,0,0,0,0,0,0,0
GL - OnePuttPro - 2026 - Sep 12 (1),25884371,3401019138,2026-09-22 01:00:00.0,0,0,0,0,0,0,0,0,0,0,0,0,15,0,0,0,0,0,15,0,0,0,0,0,0,0,0,0,0,0,0,0,0,0
GL - OnePuttPro - 2026 - Sep 12 (1),25884371,3401019138,2026-09-22 01:15:00.0,0,0,0,0,0,0,0,0,0,0,0,0,13,0,0,0,0,0,13,0,0,0,0,0,0,0,0,0,0,0,0,0,0,0
GL - OnePuttPro - 2026 - Sep 12 (1),25884371,3401019138,2026-09-22 01:30:00.0,0,0,0,0,0,0,0,0,0,0,0,0,23,0,0,0,0,0,23,0,0,0,0,0,0,0,0,0,0,0,0,0,0,0
GL - OnePuttPro - 2026 - Sep 12 (1),25884371,3401019138,2026-09-22 01:45:00.0,0,0,0,0,0,0,0,0,0,0,0,0,11,0,0,0,0,0,11,0,0,0,0,0,0,0,0,0,0,0,0,0,0,0
GL - OnePuttPro - 2026 - Sep 12 (1),25884371,3401019138,2026-09-22 02:00:00.0,0,0,0,0,0,0,0,0,0,0,0,0,11,0,0,0,0,0,11,0,0,0,0,0,0,0,0,0,0,0,0,0,0,0
GL - OnePuttPro - 2026 - Sep 12 (1),25884371,3401019138,2026-09-22 02:15:00.0,0,0,0,0,0,0,0,0,0,0,0,0,18,0,0,0,0,0,18,0,0,0,0,0,0,0,0,0,0,0,0,0,0,0
GL - OnePuttPro - 2026 - Sep 12 (1),25884371,3401019138,2026-09-22 02:30:00.0,0,0,0,0,0,0,0,0,0,0,0,0,14,0,0,0,0,0,14,0,0,0,0,0,0,0,0,0,0,0,0,0,0,0
GL - OnePuttPro - 2026 - Sep 12 (1),25884371,3401019138,2026-09-22 02:45:00.0,0,0,0,0,0,0,0,0,0,0,0,0,12,0,0,0,0,0,12,0,0,0,0,0,0,0,0,0,0,0,0,0,0,0
GL - OnePuttPro - 2026 - Sep 12 (1),25884371,3401019138,2026-09-22 05:30:00.0,0,0,0,0,0,0,0,0,0,0,0,0,7,0,0,0,0,0,7,0,0,0,0,0,0,0,0,0,0,0,0,0,0,0
GL - OnePuttPro - 2026 - Sep 12 (1),25884371,3401019138,2026-09-22 03:15:00.0,0,0,0,0,0,0,0,0,0,0,0,0,8,0,0,0,0,0,8,0,0,0,0,0,0,0,0,0,0,0,0,0,0,0
GL - OnePuttPro - 2026 - Sep 12 (1),25884371,3401019138,2026-09-22 03:30:00.0,0,0,0,0,0,0,0,0,0,0,0,0,10,0,0,0,0,0,10,0,0,0,0,0,0,0,0,0,0,0,0,0,0,0
GL - OnePuttPro - 2026 - Sep 12 (1),25884371,3401019138,2026-09-22 03:45:00.0,0,0,0,0,0,0,0,0,0,0,0,0,10,0,0,0,0,0,10,0,0,0,0,0,0,0,0,0,0,0,0,0,0,0
GL - OnePuttPro - 2026 - Sep 12 (1),25884371,3401019138,2026-09-22 04:00:00.0,0,0,0,0,0,0,0,0,0,0,0,0,11,0,0,0,0,0,11,0,0,0,0,0,0,0,0,0,0,0,0,0,0,0
GL - OnePuttPro - 2026 - Sep 12 (1),25884371,3401019138,2026-09-22 04:15:00.0,0,0,0,0,0,0,0,0,0,0,0,0,9,0,0,0,0,0,9,0,0,0,0,0,0,0,0,0,0,0,0,0,0,0
GL - OnePuttPro - 2026 - Sep 12 (1),25884371,3401019138,2026-09-22 04:30:00.0,0,0,0,0,0,0,0,0,0,0,0,0,4,0,0,0,0,0,4,0,0,0,0,0,0,0,0,0,0,0,0,0,0,0
GL - OnePuttPro - 2026 - Sep 12 (1),25884371,3401019138,2026-09-22 04:45:00.0,0,0,0,0,0,0,0,0,0,0,0,0,9,0,0,0,0,0,9,0,0,0,0,0,0,0,0,0,0,0,0,0,0,0
GL - OnePuttPro - 2026 - Sep 12 (1),25884371,3401019138,2026-09-22 05:00:00.0,0,0,0,0,0,0,0,0,0,0,0,0,11,0,0,0,0,0,11,0,0,0,0,0,0,0,0,0,0,0,0,0,0,0
GL - OnePuttPro - 2026 - Sep 12 (1),25884371,3401019138,2026-09-22 05:15:00.0,0,0,0,0,0,0,0,0,0,0,0,0,5,0,0,0,0,0,5,0,0,0,0,0,0,0,0,0,0,0,0,0,0,0
GL - OnePuttPro - 2026 - Sep 12 (1),25884371,3401019138,2026-09-22 08:00:00.0,0,0,0,0,0,0,0,0,0,1,0,0,7,0,0,0,0,0,7,0,0,0,0,0,0,0,0,0,0,0,0,0,0,0
GL - OnePuttPro - 2026 - Sep 12 (1),25884371,3401019138,2026-09-22 05:45:00.0,0,0,0,0,0,0,0,0,0,0,0,0,12,0,0,0,0,0,12,0,0,0,0,0,0,0,0,0,0,0,0,0,0,0
GL - OnePuttPro - 2026 - Sep 12 (1),25884371,3401019138,2026-09-22 06:00:00.0,0,0,0,0,0,0,0,0,0,0,0,0,10,0,0,0,0,0,10,0,0,0,0,0,0,0,0,0,0,0,0,0,0,0
GL - OnePuttPro - 2026 - Sep 12 (1),25884371,3401019138,2026-09-22 06:15:00.0,0,0,0,0,0,0,0,0,0,0,0,0,8,0,0,0,0,0,8,0,0,0,0,0,0,0,0,0,0,0,0,0,0,0
GL - OnePuttPro - 2026 - Sep 12 (1),25884371,3401019138,2026-09-22 06:30:00.0,0,0,0,0,0,0,0,0,0,0,0,0,7,0,0,0,0,0,7,0,0,0,0,0,0,0,0,0,0,0,0,0,0,0
GL - OnePuttPro - 2026 - Sep 12 (1),25884371,3401019138,2026-09-22 06:45:00.0,0,0,0,0,0,0,0,0,0,0,0,0,3,0,0,0,0,0,3,0,0,0,0,0,0,0,0,0,0,0,0,0,0,0
GL - OnePuttPro - 2026 - Sep 12 (1),25884371,3401019138,2026-09-22 07:00:00.0,0,0,0,0,0,0,0,0,0,0,0,0,7,0,0,0,0,0,7,0,0,0,0,0,0,0,0,0,0,0,0,0,0,0
GL - OnePuttPro - 2026 - Sep 12 (1),25884371,3401019138,2026-09-22 07:15:00.0,0,0,0,0,0,0,0,0,0,0,0,0,9,0,0,0,0,0,9,0,0,0,0,0,0,0,0,0,0,0,0,0,0,0
GL - OnePuttPro - 2026 - Sep 12 (1),25884371,3401019138,2026-09-22 07:30:00.0,0,0,0,0,0,0,0,0,0,0,0,0,5,0,0,0,0,0,5,0,0,0,0,0,0,0,0,0,0,0,0,0,0,0
GL - OnePuttPro - 2026 - Sep 12 (1),25884371,3401019138,2026-09-22 07:45:00.0,0,0,0,0,0,0,0,0,0,0,0,0,5,0,0,0,0,0,5,0,0,0,0,0,0,0,0,0,0,0,0,0,0,0
GL - OnePuttPro - 2026 - Sep 12 (1),25884371,3401019138,2026-09-22 10:30:00.0,0,0,0,0,0,0,0,0,0,0,0,0,8,0,0,0,0,0,8,0,0,0,0,0,0,0,0,0,0,0,0,0,0,0
GL - OnePuttPro - 2026 - Sep 12 (1),25884371,3401019138,2026-09-22 08:15:00.0,0,0,0,0,0,0,0,0,0,0,0,0,4,0,0,0,0,0,4,0,0,0,0,0,0,0,0,0,0,0,0,0,0,0
GL - OnePuttPro - 2026 - Sep 12 (1),25884371,3401019138,2026-09-22 08:30:00.0,0,0,0,0,0,0,0,0,0,0,0,0,6,0,0,0,0,0,6,0,0,0,0,0,0,0,0,0,0,0,0,0,0,0
GL - OnePuttPro - 2026 - Sep 12 (1),25884371,3401019138,2026-09-22 08:45:00.0,0,0,0,0,0,0,0,0,0,0,0,0,13,0,0,0,0,0,13,0,0,0,0,0,0,0,0,0,0,0,0,0,0,0
GL - OnePuttPro - 2026 - Sep 12 (1),25884371,3401019138,2026-09-22 09:00:00.0,0,0,0,0,0,0,0,0,0,0,0,0,17,0,0,0,0,0,17,0,0,0,0,0,0,0,0,0,0,0,0,0,0,0
GL - OnePuttPro - 2026 - Sep 12 (1),25884371,3401019138,2026-09-22 09:15:00.0,0,0,0,0,0,0,0,0,0,0,0,0,8,0,0,0,0,0,8,0,0,0,0,0,0,0,0,0,0,0,0,0,0,0
GL - OnePuttPro - 2026 - Sep 12 (1),25884371,3401019138,2026-09-22 09:30:00.0,0,0,0,0,0,0,0,0,0,0,0,0,6,0,0,0,0,0,6,0,0,0,0,0,0,0,0,0,0,0,0,0,0,0
GL - OnePuttPro - 2026 - Sep 12 (1),25884371,3401019138,2026-09-22 09:45:00.0,0,0,0,0,0,0,0,0,0,0,0,0,6,0,0,0,0,0,6,0,0,0,0,0,0,0,0,0,0,0,0,0,0,0
GL - OnePuttPro - 2026 - Sep 12 (1),25884371,3401019138,2026-09-22 10:00:00.0,0,0,0,0,0,0,0,0,0,0,0,0,15,0,0,0,0,0,15,0,0,0,0,0,0,0,0,0,0,0,0,0,0,0
GL - OnePuttPro - 2026 - Sep 12 (1),25884371,3401019138,2026-09-22 10:15:00.0,0,0,0,0,0,0,0,0,0,0,0,0,8,0,0,0,0,0,8,0,0,0,0,0,0,0,0,0,0,0,0,0,0,0
GL - OnePuttPro - 2026 - Sep 12 (1),25884371,3401019138,2026-09-22 13:00:00.0,0,0,0,0,0,0,0,0,0,0,0,0,14,0,0,0,0,0,14,0,0,0,0,0,0,0,0,0,0,0,0,0,0,0
GL - OnePuttPro - 2026 - Sep 12 (1),25884371,3401019138,2026-09-22 10:45:00.0,0,0,0,0,0,0,0,0,0,0,0,0,5,0,0,0,0,0,5,0,0,0,0,0,0,0,0,0,0,0,0,0,0,0
GL - OnePuttPro - 2026 - Sep 12 (1),25884371,3401019138,2026-09-22 11:00:00.0,0,0,0,0,0,0,0,0,0,0,0,0,11,0,0,0,0,0,11,0,0,0,0,0,0,0,0,0,0,0,0,0,0,0
GL - OnePuttPro - 2026 - Sep 12 (1),25884371,3401019138,2026-09-22 11:15:00.0,0,0,0,0,0,0,0,0,0,0,0,0,16,0,0,0,0,0,16,0,0,0,0,0,0,0,0,0,0,0,0,0,0,0
GL - OnePuttPro - 2026 - Sep 12 (1),25884371,3401019138,2026-09-22 11:30:00.0,0,0,0,0,0,0,0,0,0,0,0,0,12,0,0,0,0,0,12,0,0,0,0,0,0,0,0,0,0,0,0,0,0,0
GL - OnePuttPro - 2026 - Sep 12 (1),25884371,3401019138,2026-09-22 11:45:00.0,0,0,0,0,0,0,0,0,0,0,0,0,14,0,0,0,0,0,14,0,0,0,0,0,0,0,0,0,0,0,0,0,0,0
GL - OnePuttPro - 2026 - Sep 12 (1),25884371,3401019138,2026-09-22 12:00:00.0,0,0,0,0,0,0,0,0,0,0,0,0,5,0,0,0,0,0,5,0,0,0,0,0,0,0,0,0,0,0,0,0,0,0
GL - OnePuttPro - 2026 - Sep 12 (1),25884371,3401019138,2026-09-22 12:15:00.0,0,0,0,0,0,0,0,0,0,0,0,0,14,0,0,0,0,0,12,0,0,0,0,0,0,0,2,0,0,0,0,0,0,0
GL - OnePuttPro - 2026 - Sep 12 (1),25884371,3401019138,2026-09-22 12:30:00.0,0,0,0,0,0,0,0,0,0,0,0,0,17,0,0,0,0,0,17,0,0,0,0,0,0,0,0,0,0,0,0,0,0,0
GL - OnePuttPro - 2026 - Sep 12 (1),25884371,3401019138,2026-09-22 12:45:00.0,0,0,0,0,0,0,0,0,0,0,0,0,8,0,0,0,0,0,8,0,0,0,0,0,0,0,0,0,0,0,0,0,0,0
GL - OnePuttPro - 2026 - Sep 12 (1),25884371,3401019138,2026-09-22 15:30:00.0,0,0,0,0,0,0,0,0,0,0,0,0,11,0,0,0,0,0,11,0,0,0,0,0,0,0,0,0,0,0,0,0,0,0
GL - OnePuttPro - 2026 - Sep 12 (1),25884371,3401019138,2026-09-22 13:15:00.0,0,0,0,0,0,0,0,0,0,0,0,0,7,0,0,0,0,0,7,0,0,0,0,0,0,0,0,0,0,0,0,0,0,0
GL - OnePuttPro - 2026 - Sep 12 (1),25884371,3401019138,2026-09-22 13:30:00.0,0,0,0,0,0,0,0,0,0,1,0,0,8,0,0,0,0,0,8,0,0,0,0,0,0,0,0,0,0,0,0,0,0,0
GL - OnePuttPro - 2026 - Sep 12 (1),25884371,3401019138,2026-09-22 13:45:00.0,0,0,0,0,0,0,0,0,0,0,0,0,9,0,0,0,0,0,9,0,0,0,0,0,0,0,0,0,0,0,0,0,0,0
GL - OnePuttPro - 2026 - Sep 12 (1),25884371,3401019138,2026-09-22 14:00:00.0,0,0,0,0,0,0,0,0,0,0,0,0,13,0,0,0,0,0,13,0,0,0,0,0,0,0,0,0,0,0,0,0,0,0
GL - OnePuttPro - 2026 - Sep 12 (1),25884371,3401019138,2026-09-22 14:15:00.0,0,0,0,0,0,0,0,0,0,0,0,0,17,0,0,0,0,0,17,0,0,0,0,0,0,0,0,0,0,0,0,0,0,0
GL - OnePuttPro - 2026 - Sep 12 (1),25884371,3401019138,2026-09-22 14:30:00.0,0,0,0,0,0,0,0,0,0,0,0,0,12,0,0,0,0,0,12,0,0,0,0,0,0,0,0,0,0,0,0,0,0,0
GL - OnePuttPro - 2026 - Sep 12 (1),25884371,3401019138,2026-09-22 14:45:00.0,0,0,0,0,0,0,0,0,0,0,0,0,8,0,0,0,0,0,8,0,0,0,0,0,0,0,0,0,0,0,0,0,0,0
GL - OnePuttPro - 2026 - Sep 12 (1),25884371,3401019138,2026-09-22 15:00:00.0,0,0,0,0,0,0,0,0,0,0,0,0,10,0,0,0,0,0,10,0,0,0,0,0,0,0,0,0,0,0,0,0,0,0
GL - OnePuttPro - 2026 - Sep 12 (1),25884371,3401019138,2026-09-22 15:15:00.0,0,0,0,0,0,0,0,0,0,0,0,0,10,0,0,0,0,0,10,0,0,0,0,0,0,0,0,0,0,0,0,0,0,0
GL - OnePuttPro - 2026 - Sep 12 (1),25884371,3401019138,2026-09-22 18:00:00.0,0,0,0,0,0,0,0,0,0,0,0,0,11,0,0,0,0,0,11,0,0,0,0,0,0,0,0,0,0,0,0,0,0,0
GL - OnePuttPro - 2026 - Sep 12 (1),25884371,3401019138,2026-09-22 15:45:00.0,0,0,0,0,0,0,0,0,0,0,0,0,12,0,0,0,0,0,12,0,0,0,0,0,0,0,0,0,0,0,0,0,0,0
GL - OnePuttPro - 2026 - Sep 12 (1),25884371,3401019138,2026-09-22 16:00:00.0,0,0,0,0,0,0,0,0,0,0,0,0,12,0,0,0,0,0,12,0,0,0,0,0,0,0,0,0,0,0,0,0,0,0
GL - OnePuttPro - 2026 - Sep 12 (1),25884371,3401019138,2026-09-22 16:15:00.0,0,0,0,0,0,0,0,0,0,0,0,0,13,0,0,0,0,0,13,0,0,0,0,0,0,0,0,0,0,0,0,0,0,0
GL - OnePuttPro - 2026 - Sep 12 (1),25884371,3401019138,2026-09-22 16:30:00.0,0,0,0,0,0,0,0,0,0,0,0,0,10,0,0,0,0,0,10,0,0,0,0,0,0,0,0,0,0,0,0,0,0,0
GL - OnePuttPro - 2026 - Sep 12 (1),25884371,3401019138,2026-09-22 16:45:00.0,0,0,0,0,0,0,0,0,0,0,0,0,5,0,0,0,0,0,5,0,0,0,0,0,0,0,0,0,0,0,0,0,0,0
GL - OnePuttPro - 2026 - Sep 12 (1),25884371,3401019138,2026-09-22 17:00:00.0,0,0,0,0,0,0,0,0,0,0,0,0,18,0,0,0,0,0,17,0,0,0,0,0,0,0,1,0,0,0,0,0,0,0
GL - OnePuttPro - 2026 - Sep 12 (1),25884371,3401019138,2026-09-22 17:15:00.0,0,0,0,0,0,0,0,0,0,0,0,0,16,0,0,0,0,0,16,0,0,0,0,0,0,0,0,0,0,0,0,0,0,0
GL - OnePuttPro - 2026 - Sep 12 (1),25884371,3401019138,2026-09-22 17:30:00.0,0,0,0,0,0,0,0,0,0,0,0,0,23,0,0,0,0,0,23,0,0,0,0,0,0,0,0,0,0,0,0,0,0,0
GL - OnePuttPro - 2026 - Sep 12 (1),25884371,3401019138,2026-09-22 17:45:00.0,0,0,0,0,0,0,0,0,0,0,0,0,6,0,0,0,0,0,6,0,0,0,0,0,0,0,0,0,0,0,0,0,0,0
GL - OnePuttPro - 2026 - Sep 12 (1),25884371,3401019138,2026-09-22 20:30:00.0,0,0,0,0,0,0,0,0,0,0,0,0,11,0,0,0,0,0,11,0,0,0,0,0,0,0,0,0,0,0,0,0,0,0
GL - OnePuttPro - 2026 - Sep 12 (1),25884371,3401019138,2026-09-22 18:15:00.0,0,0,0,0,0,0,0,0,0,0,0,0,10,0,0,0,0,0,10,0,0,0,0,0,0,0,0,0,0,0,0,0,0,0
GL - OnePuttPro - 2026 - Sep 12 (1),25884371,3401019138,2026-09-22 18:30:00.0,0,0,0,0,0,0,0,0,0,0,0,0,12,0,0,0,0,0,12,0,0,0,0,0,0,0,0,0,0,0,0,0,0,0
GL - OnePuttPro - 2026 - Sep 12 (1),25884371,3401019138,2026-09-22 18:45:00.0,0,0,0,0,0,0,0,0,0,0,0,0,3,0,0,0,0,0,3,0,0,0,0,0,0,0,0,0,0,0,0,0,0,0
GL - OnePuttPro - 2026 - Sep 12 (1),25884371,3401019138,2026-09-22 19:00:00.0,0,0,0,0,0,0,0,0,0,0,0,0,15,0,0,0,0,0,15,0,0,0,0,0,0,0,0,0,0,0,0,0,0,0
GL - OnePuttPro - 2026 - Sep 12 (1),25884371,3401019138,2026-09-22 19:15:00.0,0,0,0,0,0,0,0,0,0,0,0,0,13,0,0,0,0,0,13,0,0,0,0,0,0,0,0,0,0,0,0,0,0,0
GL - OnePuttPro - 2026 - Sep 12 (1),25884371,3401019138,2026-09-22 19:30:00.0,0,0,0,0,0,0,0,0,0,0,0,0,17,0,0,0,0,0,17,0,0,0,0,0,0,0,0,0,0,0,0,0,0,0
GL - OnePuttPro - 2026 - Sep 12 (1),25884371,3401019138,2026-09-22 19:45:00.0,0,0,0,0,0,0,0,0,0,0,0,0,12,0,0,0,0,0,12,0,0,0,0,0,0,0,0,0,0,0,0,0,0,0
GL - OnePuttPro - 2026 - Sep 12 (1),25884371,3401019138,2026-09-22 20:00:00.0,0,0,0,0,0,0,0,0,0,0,0,0,11,0,0,0,0,0,11,0,0,0,0,0,0,0,0,0,0,0,0,0,0,0
GL - OnePuttPro - 2026 - Sep 12 (1),25884371,3401019138,2026-09-22 20:15:00.0,0,0,0,0,0,0,0,0,0,0,0,0,4,0,0,0,0,0,4,0,0,0,0,0,0,0,0,0,0,0,0,0,0,0
GL - OnePuttPro - 2026 - Sep 12 (1),25884371,3401019138,2026-09-22 23:00:00.0,0,0,0,0,0,0,0,0,0,0,0,0,17,0,0,0,0,0,17,0,0,0,0,0,0,0,0,0,0,0,0,0,0,0
GL - OnePuttPro - 2026 - Sep 12 (1),25884371,3401019138,2026-09-22 20:45:00.0,0,0,0,0,0,0,0,0,0,0,0,0,8,0,0,0,0,0,8,0,0,0,0,0,0,0,0,0,0,0,0,0,0,0
GL - OnePuttPro - 2026 - Sep 12 (1),25884371,3401019138,2026-09-22 21:00:00.0,0,0,0,0,0,0,0,0,0,0,0,0,10,0,0,0,0,0,10,0,0,0,0,0,0,0,0,0,0,0,0,0,0,0
GL - OnePuttPro - 2026 - Sep 12 (1),25884371,3401019138,2026-09-22 21:15:00.0,0,0,0,0,0,0,0,0,0,0,0,0,18,0,0,0,0,0,18,0,0,0,0,0,0,0,0,0,0,0,0,0,0,0
GL - OnePuttPro - 2026 - Sep 12 (1),25884371,3401019138,2026-09-22 21:30:00.0,0,0,0,0,0,0,0,0,0,0,0,0,7,0,0,0,0,0,7,0,0,0,0,0,0,0,0,0,0,0,0,0,0,0
GL - OnePuttPro - 2026 - Sep 12 (1),25884371,3401019138,2026-09-22 21:45:00.0,0,0,0,0,0,0,0,0,0,0,0,0,9,0,0,0,0,0,9,0,0,0,0,0,0,0,0,0,0,0,0,0,0,0
GL - OnePuttPro - 2026 - Sep 12 (1),25884371,3401019138,2026-09-22 22:00:00.0,0,0,0,0,0,0,0,0,0,0,0,0,9,0,0,0,0,0,9,0,0,0,0,0,0,0,0,0,0,0,0,0,0,0
GL - OnePuttPro - 2026 - Sep 12 (1),25884371,3401019138,2026-09-22 22:15:00.0,0,0,0,0,0,0,0,0,0,0,0,0,9,0,0,0,0,0,9,0,0,0,0,0,0,0,0,0,0,0,0,0,0,0
GL - OnePuttPro - 2026 - Sep 12 (1),25884371,3401019138,2026-09-22 22:30:00.0,0,0,0,0,0,0,0,0,0,0,0,0,11,0,0,0,0,0,11,0,0,0,0,0,0,0,0,0,0,0,0,0,0,0
GL - OnePuttPro - 2026 - Sep 12 (1),25884371,3401019138,2026-09-22 22:45:00.0,0,0,0,0,0,0,0,0,0,0,0,0,13,0,0,0,0,0,13,0,0,0,0,0,0,0,0,0,0,0,0,0,0,0
GL - OnePuttPro - 2026 - Sep 12 (1),25884371,3401019138,2026-09-23 01:30:00.0,0,0,0,0,0,0,0,0,0,0,0,0,7,0,0,0,0,0,7,0,0,0,0,0,0,0,0,0,0,0,0,0,0,0
GL - OnePuttPro - 2026 - Sep 12 (1),25884371,3401019138,2026-09-22 23:15:00.0,0,0,0,0,0,0,0,0,0,0,0,0,15,0,0,0,0,0,15,0,0,0,0,0,0,0,0,0,0,0,0,0,0,0
GL - OnePuttPro - 2026 - Sep 12 (1),25884371,3401019138,2026-09-22 23:30:00.0,0,0,0,0,0,0,0,0,0,0,0,0,17,0,0,0,0,0,17,0,0,0,0,0,0,0,0,0,0,0,0,0,0,0
GL - OnePuttPro - 2026 - Sep 12 (1),25884371,3401019138,2026-09-22 23:45:00.0,0,0,0,0,0,0,0,0,0,1,0,0,13,0,0,0,0,0,13,0,0,0,0,0,0,0,0,0,0,0,0,0,0,0
GL - OnePuttPro - 2026 - Sep 12 (1),25884371,3401019138,2026-09-23 00:00:00.0,0,0,0,0,0,0,0,0,0,0,0,0,10,0,0,0,0,0,10,0,0,0,0,0,0,0,0,0,0,0,0,0,0,0
GL - OnePuttPro - 2026 - Sep 12 (1),25884371,3401019138,2026-09-23 00:15:00.0,0,0,0,0,0,0,0,0,0,0,0,0,10,0,0,0,0,0,10,0,0,0,0,0,0,0,0,0,0,0,0,0,0,0
GL - OnePuttPro - 2026 - Sep 12 (1),25884371,3401019138,2026-09-23 00:30:00.0,0,0,0,0,0,0,0,0,0,0,0,0,16,0,0,0,0,0,16,0,0,0,0,0,0,0,0,0,0,0,0,0,0,0
GL - OnePuttPro - 2026 - Sep 12 (1),25884371,3401019138,2026-09-23 00:45:00.0,0,0,0,0,0,0,0,0,0,0,0,0,13,0,0,0,0,0,13,0,0,0,0,0,0,0,0,0,0,0,0,0,0,0
GL - OnePuttPro - 2026 - Sep 12 (1),25884371,3401019138,2026-09-23 01:00:00.0,0,0,0,0,0,0,0,0,0,0,0,0,14,0,0,0,0,0,14,0,0,0,0,0,0,0,0,0,0,0,0,0,0,0
GL - OnePuttPro - 2026 - Sep 12 (1),25884371,3401019138,2026-09-23 01:15:00.0,0,0,0,0,0,0,0,0,0,0,0,0,23,0,0,0,0,0,23,0,0,0,0,0,0,0,0,0,0,0,0,0,0,0
GL - OnePuttPro - 2026 - Sep 12 (1),25884371,3401019138,2026-09-23 04:00:00.0,0,0,0,0,0,0,0,0,0,0,0,0,14,0,0,0,0,0,14,0,0,0,0,0,0,0,0,0,0,0,0,0,0,0
GL - OnePuttPro - 2026 - Sep 12 (1),25884371,3401019138,2026-09-23 01:45:00.0,0,0,0,0,0,0,0,0,0,0,0,0,13,0,0,0,0,0,13,0,0,0,0,0,0,0,0,0,0,0,0,0,0,0
GL - OnePuttPro - 2026 - Sep 12 (1),25884371,3401019138,2026-09-23 02:00:00.0,0,0,0,0,0,0,0,0,0,0,0,0,8,0,0,0,0,0,8,0,0,0,0,0,0,0,0,0,0,0,0,0,0,0
GL - OnePuttPro - 2026 - Sep 12 (1),25884371,3401019138,2026-09-23 02:15:00.0,0,0,0,0,0,0,0,0,0,0,0,0,6,0,0,0,0,0,6,0,0,0,0,0,0,0,0,0,0,0,0,0,0,0
GL - OnePuttPro - 2026 - Sep 12 (1),25884371,3401019138,2026-09-23 02:30:00.0,0,0,0,0,0,0,0,0,0,0,0,0,9,0,0,0,0,0,9,0,0,0,0,0,0,0,0,0,0,0,0,0,0,0
GL - OnePuttPro - 2026 - Sep 12 (1),25884371,3401019138,2026-09-23 02:45:00.0,0,0,0,0,0,0,0,0,0,0,0,0,9,0,0,0,0,0,9,0,0,0,0,0,0,0,0,0,0,0,0,0,0,0
GL - OnePuttPro - 2026 - Sep 12 (1),25884371,3401019138,2026-09-23 03:00:00.0,0,0,0,0,0,0,0,0,0,0,0,0,14,0,0,0,0,0,14,0,0,0,0,0,0,0,0,0,0,0,0,0,0,0
GL - OnePuttPro - 2026 - Sep 12 (1),25884371,3401019138,2026-09-23 03:15:00.0,0,0,0,0,0,0,0,0,0,0,0,0,10,0,0,0,0,0,10,0,0,0,0,0,0,0,0,0,0,0,0,0,0,0
GL - OnePuttPro - 2026 - Sep 12 (1),25884371,3401019138,2026-09-23 03:30:00.0,0,0,0,0,0,0,0,0,0,0,0,0,12,0,0,0,0,0,12,0,0,0,0,0,0,0,0,0,0,0,0,0,0,0
GL - OnePuttPro - 2026 - Sep 12 (1),25884371,3401019138,2026-09-23 03:45:00.0,0,0,0,0,0,0,0,0,0,0,0,0,5,0,0,0,0,0,5,0,0,0,0,0,0,0,0,0,0,0,0,0,0,0
GL - OnePuttPro - 2026 - Sep 12 (1),25884371,3401019138,2026-09-23 06:30:00.0,0,0,0,0,0,0,0,0,0,0,0,0,7,0,0,0,0,0,7,0,0,0,0,0,0,0,0,0,0,0,0,0,0,0
GL - OnePuttPro - 2026 - Sep 12 (1),25884371,3401019138,2026-09-23 04:15:00.0,0,0,0,0,0,0,0,0,0,0,0,0,12,0,0,0,0,0,12,0,0,0,0,0,0,0,0,0,0,0,0,0,0,0
GL - OnePuttPro - 2026 - Sep 12 (1),25884371,3401019138,2026-09-23 04:30:00.0,0,0,0,0,0,0,0,0,0,0,0,0,8,0,0,0,0,0,8,0,0,0,0,0,0,0,0,0,0,0,0,0,0,0
GL - OnePuttPro - 2026 - Sep 12 (1),25884371,3401019138,2026-09-23 04:45:00.0,0,0,0,0,0,0,0,0,0,0,0,0,10,0,0,0,0,0,10,0,0,0,0,0,0,0,0,0,0,0,0,0,0,0
GL - OnePuttPro - 2026 - Sep 12 (1),25884371,3401019138,2026-09-23 05:00:00.0,0,0,0,0,0,0,0,0,0,0,0,0,11,0,0,0,0,0,11,0,0,0,0,0,0,0,0,0,0,0,0,0,0,0
GL - OnePuttPro - 2026 - Sep 12 (1),25884371,3401019138,2026-09-23 05:15:00.0,0,0,0,0,0,0,0,0,0,0,0,0,11,0,0,0,0,0,11,0,0,0,0,0,0,0,0,0,0,0,0,0,0,0
GL - OnePuttPro - 2026 - Sep 12 (1),25884371,3401019138,2026-09-23 05:30:00.0,0,0,0,0,0,0,0,0,0,0,0,0,7,0,0,0,0,0,7,0,0,0,0,0,0,0,0,0,0,0,0,0,0,0
GL - OnePuttPro - 2026 - Sep 12 (1),25884371,3401019138,2026-09-23 05:45:00.0,0,0,0,0,0,0,0,0,0,0,0,0,14,0,0,0,0,0,14,0,0,0,0,0,0,0,0,0,0,0,0,0,0,0
GL - OnePuttPro - 2026 - Sep 12 (1),25884371,3401019138,2026-09-23 06:00:00.0,0,0,0,0,0,0,0,0,0,0,0,0,5,0,0,0,0,0,5,0,0,0,0,0,0,0,0,0,0,0,0,0,0,0
GL - OnePuttPro - 2026 - Sep 12 (1),25884371,3401019138,2026-09-23 06:15:00.0,0,0,0,0,0,0,0,0,0,0,0,0,6,0,0,0,0,0,6,0,0,0,0,0,0,0,0,0,0,0,0,0,0,0
GL - OnePuttPro - 2026 - Sep 12 (1),25884371,3401019138,2026-09-23 09:00:00.0,0,0,0,0,0,0,0,0,0,0,0,0,7,0,0,0,0,0,7,0,0,0,0,0,0,0,0,0,0,0,0,0,0,0
GL - OnePuttPro - 2026 - Sep 12 (1),25884371,3401019138,2026-09-23 06:45:00.0,0,0,0,0,0,0,0,0,0,0,0,0,5,0,0,0,0,0,5,0,0,0,0,0,0,0,0,0,0,0,0,0,0,0
GL - OnePuttPro - 2026 - Sep 12 (1),25884371,3401019138,2026-09-23 07:00:00.0,0,0,0,0,0,0,0,0,0,0,0,0,6,0,0,0,0,0,6,0,0,0,0,0,0,0,0,0,0,0,0,0,0,0
GL - OnePuttPro - 2026 - Sep 12 (1),25884371,3401019138,2026-09-23 07:15:00.0,0,0,0,0,0,0,0,0,0,0,0,0,11,0,0,0,0,0,11,0,0,0,0,0,0,0,0,0,0,0,0,0,0,0
GL - OnePuttPro - 2026 - Sep 12 (1),25884371,3401019138,2026-09-23 07:30:00.0,0,0,0,0,0,0,0,0,0,0,0,0,2,0,0,0,0,0,2,0,0,0,0,0,0,0,0,0,0,0,0,0,0,0
GL - OnePuttPro - 2026 - Sep 12 (1),25884371,3401019138,2026-09-23 07:45:00.0,0,0,0,0,0,0,0,0,0,0,0,0,4,0,0,0,0,0,4,0,0,0,0,0,0,0,0,0,0,0,0,0,0,0
GL - OnePuttPro - 2026 - Sep 12 (1),25884371,3401019138,2026-09-23 08:00:00.0,0,0,0,0,0,0,0,0,0,0,0,0,5,0,0,0,0,0,5,0,0,0,0,0,0,0,0,0,0,0,0,0,0,0
GL - OnePuttPro - 2026 - Sep 12 (1),25884371,3401019138,2026-09-23 08:15:00.0,0,0,0,0,0,0,0,0,0,0,0,0,3,0,0,0,0,0,3,0,0,0,0,0,0,0,0,0,0,0,0,0,0,0
GL - OnePuttPro - 2026 - Sep 12 (1),25884371,3401019138,2026-09-23 08:30:00.0,0,0,0,0,0,0,0,0,0,0,0,0,9,0,0,0,0,0,9,0,0,0,0,0,0,0,0,0,0,0,0,0,0,0
GL - OnePuttPro - 2026 - Sep 12 (1),25884371,3401019138,2026-09-23 08:45:00.0,0,0,0,0,0,0,0,0,0,0,0,0,7,0,0,0,0,0,7,0,0,0,0,0,0,0,0,0,0,0,0,0,0,0
GL - OnePuttPro - 2026 - Sep 12 (1),25884371,3401019138,2026-09-23 11:30:00.0,0,0,0,0,0,0,0,0,0,0,0,0,14,0,0,0,0,0,14,0,0,0,0,0,0,0,0,0,0,0,0,0,0,0
GL - OnePuttPro - 2026 - Sep 12 (1),25884371,3401019138,2026-09-23 09:15:00.0,0,0,0,0,0,0,0,0,0,0,0,0,9,0,0,0,0,0,9,0,0,0,0,0,0,0,0,0,0,0,0,0,0,0
GL - OnePuttPro - 2026 - Sep 12 (1),25884371,3401019138,2026-09-23 09:30:00.0,0,0,0,0,0,0,0,0,0,0,0,0,6,0,0,0,0,0,6,0,0,0,0,0,0,0,0,0,0,0,0,0,0,0
GL - OnePuttPro - 2026 - Sep 12 (1),25884371,3401019138,2026-09-23 09:45:00.0,0,0,0,0,0,0,0,0,0,0,0,0,10,0,0,0,0,0,10,0,0,0,0,0,0,0,0,0,0,0,0,0,0,0
GL - OnePuttPro - 2026 - Sep 12 (1),25884371,3401019138,2026-09-23 10:00:00.0,0,0,0,0,0,0,0,0,0,0,0,0,7,0,0,0,0,0,7,0,0,0,0,0,0,0,0,0,0,0,0,0,0,0
GL - OnePuttPro - 2026 - Sep 12 (1),25884371,3401019138,2026-09-23 10:15:00.0,0,0,0,0,0,0,0,0,0,0,0,0,10,0,0,0,0,0,10,0,0,0,0,0,0,0,0,0,0,0,0,0,0,0
GL - OnePuttPro - 2026 - Sep 12 (1),25884371,3401019138,2026-09-23 10:30:00.0,0,0,0,0,0,0,0,0,0,0,0,0,7,0,0,0,0,0,7,0,0,0,0,0,0,0,0,0,0,0,0,0,0,0
GL - OnePuttPro - 2026 - Sep 12 (1),25884371,3401019138,2026-09-23 10:45:00.0,0,0,0,0,0,0,0,0,0,1,0,0,4,0,0,0,0,0,4,0,0,0,0,0,0,0,0,0,0,0,0,0,0,0
GL - OnePuttPro - 2026 - Sep 12 (1),25884371,3401019138,2026-09-23 11:00:00.0,0,0,0,0,0,0,0,0,0,0,0,0,3,0,0,0,0,0,3,0,0,0,0,0,0,0,0,0,0,0,0,0,0,0
GL - OnePuttPro - 2026 - Sep 12 (1),25884371,3401019138,2026-09-23 11:15:00.0,0,0,0,0,0,0,0,0,0,0,0,0,12,0,0,0,0,0,12,0,0,0,0,0,0,0,0,0,0,0,0,0,0,0
GL - OnePuttPro - 2026 - Sep 12 (1),25884371,3401019138,2026-09-23 14:00:00.0,0,0,0,0,0,0,0,0,0,0,0,0,17,0,0,0,0,0,17,0,0,0,0,0,0,0,0,0,0,0,0,0,0,0
GL - OnePuttPro - 2026 - Sep 12 (1),25884371,3401019138,2026-09-23 11:45:00.0,0,0,0,0,0,0,0,0,0,0,0,0,5,0,0,0,0,0,5,0,0,0,0,0,0,0,0,0,0,0,0,0,0,0
GL - OnePuttPro - 2026 - Sep 12 (1),25884371,3401019138,2026-09-23 12:00:00.0,0,0,0,0,0,0,0,0,0,0,0,0,8,0,0,0,0,0,8,0,0,0,0,0,0,0,0,0,0,0,0,0,0,0
GL - OnePuttPro - 2026 - Sep 12 (1),25884371,3401019138,2026-09-23 12:15:00.0,0,0,0,0,0,0,0,0,0,0,0,0,12,0,0,0,0,0,12,0,0,0,0,0,0,0,0,0,0,0,0,0,0,0
GL - OnePuttPro - 2026 - Sep 12 (1),25884371,3401019138,2026-09-23 12:30:00.0,0,0,0,0,0,0,0,0,0,0,0,0,9,0,0,0,0,0,9,0,0,0,0,0,0,0,0,0,0,0,0,0,0,0
GL - OnePuttPro - 2026 - Sep 12 (1),25884371,3401019138,2026-09-23 12:45:00.0,0,0,0,0,0,0,0,0,0,0,0,0,8,0,0,0,0,0,8,0,0,0,0,0,0,0,0,0,0,0,0,0,0,0
GL - OnePuttPro - 2026 - Sep 12 (1),25884371,3401019138,2026-09-23 13:00:00.0,0,0,0,0,0,0,0,0,0,0,0,0,16,0,0,0,0,0,16,0,0,0,0,0,0,0,0,0,0,0,0,0,0,0
GL - OnePuttPro - 2026 - Sep 12 (1),25884371,3401019138,2026-09-23 13:15:00.0,0,0,0,0,0,0,0,0,0,0,0,0,11,0,0,0,0,0,11,0,0,0,0,0,0,0,0,0,0,0,0,0,0,0
GL - OnePuttPro - 2026 - Sep 12 (1),25884371,3401019138,2026-09-23 13:30:00.0,0,0,0,0,0,0,0,0,0,0,0,0,6,0,0,0,0,0,6,0,0,0,0,0,0,0,0,0,0,0,0,0,0,0
GL - OnePuttPro - 2026 - Sep 12 (1),25884371,3401019138,2026-09-23 13:45:00.0,0,0,0,0,0,0,0,0,0,0,0,0,8,0,0,0,0,0,8,0,0,0,0,0,0,0,0,0,0,0,0,0,0,0
GL - OnePuttPro - 2026 - Sep 12 (1),25884371,3401019138,2026-09-23 16:30:00.0,0,0,0,0,0,0,0,0,0,0,0,0,10,0,0,0,0,0,10,0,0,0,0,0,0,0,0,0,0,0,0,0,0,0
GL - OnePuttPro - 2026 - Sep 12 (1),25884371,3401019138,2026-09-23 14:15:00.0,0,0,0,0,0,0,0,0,0,0,0,0,10,0,0,0,0,0,10,0,0,0,0,0,0,0,0,0,0,0,0,0,0,0
GL - OnePuttPro - 2026 - Sep 12 (1),25884371,3401019138,2026-09-23 14:30:00.0,0,0,0,0,0,0,0,0,0,0,0,0,8,0,0,0,0,0,8,0,0,0,0,0,0,0,0,0,0,0,0,0,0,0
GL - OnePuttPro - 2026 - Sep 12 (1),25884371,3401019138,2026-09-23 14:45:00.0,0,0,0,0,0,0,0,0,0,0,0,0,5,0,0,0,0,0,5,0,0,0,0,0,0,0,0,0,0,0,0,0,0,0
GL - OnePuttPro - 2026 - Sep 12 (1),25884371,3401019138,2026-09-23 15:00:00.0,0,0,0,0,0,0,0,0,0,0,0,0,11,0,0,0,0,0,11,0,0,0,0,0,0,0,0,0,0,0,0,0,0,0
GL - OnePuttPro - 2026 - Sep 12 (1),25884371,3401019138,2026-09-23 15:15:00.0,0,0,0,0,0,0,0,0,0,0,0,0,5,0,0,0,0,0,5,0,0,0,0,0,0,0,0,0,0,0,0,0,0,0
GL - OnePuttPro - 2026 - Sep 12 (1),25884371,3401019138,2026-09-23 15:30:00.0,0,0,0,0,0,0,0,0,0,0,0,0,9,0,0,0,0,0,9,0,0,0,0,0,0,0,0,0,0,0,0,0,0,0
GL - OnePuttPro - 2026 - Sep 12 (1),25884371,3401019138,2026-09-23 15:45:00.0,0,0,0,0,0,0,0,0,0,0,0,0,5,0,0,0,0,0,5,0,0,0,0,0,0,0,0,0,0,0,0,0,0,0
GL - OnePuttPro - 2026 - Sep 12 (1),25884371,3401019138,2026-09-23 16:00:00.0,0,0,0,0,0,0,0,0,0,0,0,0,10,0,0,0,0,0,10,0,0,0,0,0,0,0,0,0,0,0,0,0,0,0
GL - OnePuttPro - 2026 - Sep 12 (1),25884371,3401019138,2026-09-23 16:15:00.0,0,0,0,0,0,0,0,0,0,0,0,0,12,0,0,0,0,0,12,0,0,0,0,0,0,0,0,0,0,0,0,0,0,0
GL - OnePuttPro - 2026 - Sep 12 (1),25884371,3401019138,2026-09-23 19:00:00.0,0,0,0,0,0,0,0,0,0,0,0,0,9,0,0,0,0,0,8,0,0,0,0,0,0,0,1,0,0,0,0,0,0,0
GL - OnePuttPro - 2026 - Sep 12 (1),25884371,3401019138,2026-09-23 16:45:00.0,0,0,0,0,0,0,0,0,0,0,0,0,4,0,0,0,0,0,4,0,0,0,0,0,0,0,0,0,0,0,0,0,0,0
GL - OnePuttPro - 2026 - Sep 12 (1),25884371,3401019138,2026-09-23 17:00:00.0,0,0,0,0,0,0,0,0,0,0,0,0,10,0,0,0,0,0,10,0,0,0,0,0,0,0,0,0,0,0,0,0,0,0
GL - OnePuttPro - 2026 - Sep 12 (1),25884371,3401019138,2026-09-23 17:15:00.0,0,0,0,0,0,0,0,0,0,0,0,0,8,0,0,0,0,0,8,0,0,0,0,0,0,0,0,0,0,0,0,0,0,0
GL - OnePuttPro - 2026 - Sep 12 (1),25884371,3401019138,2026-09-23 17:30:00.0,0,0,0,0,0,0,0,0,0,0,0,0,8,0,0,0,0,0,8,0,0,0,0,0,0,0,0,0,0,0,0,0,0,0
GL - OnePuttPro - 2026 - Sep 12 (1),25884371,3401019138,2026-09-23 17:45:00.0,0,0,0,0,0,0,0,0,0,0,0,0,9,0,0,0,0,0,9,0,0,0,0,0,0,0,0,0,0,0,0,0,0,0
GL - OnePuttPro - 2026 - Sep 12 (1),25884371,3401019138,2026-09-23 18:00:00.0,0,0,0,0,0,0,0,0,0,0,0,0,11,0,0,0,0,0,11,0,0,0,0,0,0,0,0,0,0,0,0,0,0,0
GL - OnePuttPro - 2026 - Sep 12 (1),25884371,3401019138,2026-09-23 18:15:00.0,0,0,0,0,0,0,0,0,0,0,0,0,9,0,0,0,0,0,9,0,0,0,0,0,0,0,0,0,0,0,0,0,0,0
GL - OnePuttPro - 2026 - Sep 12 (1),25884371,3401019138,2026-09-23 18:30:00.0,0,0,0,0,0,0,0,0,0,0,0,0,5,0,0,0,0,0,5,0,0,0,0,0,0,0,0,0,0,0,0,0,0,0
GL - OnePuttPro - 2026 - Sep 12 (1),25884371,3401019138,2026-09-23 18:45:00.0,0,0,0,0,0,0,0,0,0,0,0,0,12,0,0,0,0,0,12,0,0,0,0,0,0,0,0,0,0,0,0,0,0,0
GL - OnePuttPro - 2026 - Sep 12 (1),25884371,3401019138,2026-09-23 21:30:00.0,0,0,0,0,0,0,0,0,0,0,0,0,3,0,0,0,0,0,3,0,0,0,0,0,0,0,0,0,0,0,0,0,0,0
GL - OnePuttPro - 2026 - Sep 12 (1),25884371,3401019138,2026-09-23 19:15:00.0,0,0,0,0,0,0,0,0,0,0,0,0,9,0,0,0,0,0,9,0,0,0,0,0,0,0,0,0,0,0,0,0,0,0
GL - OnePuttPro - 2026 - Sep 12 (1),25884371,3401019138,2026-09-23 19:30:00.0,0,0,0,0,0,0,0,0,0,0,0,0,4,0,0,0,0,0,4,0,0,0,0,0,0,0,0,0,0,0,0,0,0,0
GL - OnePuttPro - 2026 - Sep 12 (1),25884371,3401019138,2026-09-23 19:45:00.0,0,0,0,0,0,0,0,0,0,0,0,0,12,0,0,0,0,0,12,0,0,0,0,0,0,0,0,0,0,0,0,0,0,0
GL - OnePuttPro - 2026 - Sep 12 (1),25884371,3401019138,2026-09-23 20:00:00.0,0,0,0,0,0,0,0,0,0,0,0,0,11,0,0,0,0,0,11,0,0,0,0,0,0,0,0,0,0,0,0,0,0,0
GL - OnePuttPro - 2026 - Sep 12 (1),25884371,3401019138,2026-09-23 20:15:00.0,0,0,0,0,0,0,0,0,0,0,0,0,3,0,0,0,0,0,3,0,0,0,0,0,0,0,0,0,0,0,0,0,0,0
GL - OnePuttPro - 2026 - Sep 12 (1),25884371,3401019138,2026-09-23 20:30:00.0,0,0,0,0,0,0,0,0,0,0,0,0,5,0,0,0,0,0,5,0,0,0,0,0,0,0,0,0,0,0,0,0,0,0
GL - OnePuttPro - 2026 - Sep 12 (1),25884371,3401019138,2026-09-23 20:45:00.0,0,0,0,0,0,0,0,0,0,0,0,0,5,0,0,0,0,0,5,0,0,0,0,0,0,0,0,0,0,0,0,0,0,0
GL - OnePuttPro - 2026 - Sep 12 (1),25884371,3401019138,2026-09-23 21:00:00.0,0,0,0,0,0,0,0,0,0,0,0,0,14,0,0,0,0,0,14,0,0,0,0,0,0,0,0,0,0,0,0,0,0,0
GL - OnePuttPro - 2026 - Sep 12 (1),25884371,3401019138,2026-09-23 21:15:00.0,0,0,0,0,0,0,0,0,0,0,0,0,4,0,0,0,0,0,4,0,0,0,0,0,0,0,0,0,0,0,0,0,0,0
GL - OnePuttPro - 2026 - Sep 12 (1),25884371,3401019138,2026-09-24 00:00:00.0,0,0,0,0,0,0,0,0,0,0,0,0,18,0,0,0,0,0,18,0,0,0,0,0,0,0,0,0,0,0,0,0,0,0
GL - OnePuttPro - 2026 - Sep 12 (1),25884371,3401019138,2026-09-23 21:45:00.0,0,0,0,0,0,0,0,0,0,0,0,0,7,0,0,0,0,0,7,0,0,0,0,0,0,0,0,0,0,0,0,0,0,0
GL - OnePuttPro - 2026 - Sep 12 (1),25884371,3401019138,2026-09-23 22:00:00.0,0,0,0,0,0,0,0,0,0,0,0,0,9,0,0,0,0,0,9,0,0,0,0,0,0,0,0,0,0,0,0,0,0,0
GL - OnePuttPro - 2026 - Sep 12 (1),25884371,3401019138,2026-09-23 22:15:00.0,0,0,0,0,0,0,0,0,0,0,0,0,8,0,0,0,0,0,8,0,0,0,0,0,0,0,0,0,0,0,0,0,0,0
GL - OnePuttPro - 2026 - Sep 12 (1),25884371,3401019138,2026-09-23 22:30:00.0,0,0,0,0,0,0,0,0,0,0,0,0,9,0,0,0,0,0,9,0,0,0,0,0,0,0,0,0,0,0,0,0,0,0
GL - OnePuttPro - 2026 - Sep 12 (1),25884371,3401019138,2026-09-23 22:45:00.0,0,0,0,0,0,0,0,0,0,0,0,0,12,0,0,0,0,0,12,0,0,0,0,0,0,0,0,0,0,0,0,0,0,0
GL - OnePuttPro - 2026 - Sep 12 (1),25884371,3401019138,2026-09-23 23:00:00.0,0,0,0,0,0,0,0,0,0,0,0,0,10,0,0,0,0,0,10,0,0,0,0,0,0,0,0,0,0,0,0,0,0,0
GL - OnePuttPro - 2026 - Sep 12 (1),25884371,3401019138,2026-09-23 23:15:00.0,0,0,0,0,0,0,0,0,0,0,0,0,14,0,0,0,0,0,14,0,0,0,0,0,0,0,0,0,0,0,0,0,0,0
GL - OnePuttPro - 2026 - Sep 12 (1),25884371,3401019138,2026-09-23 23:30:00.0,0,0,0,0,0,0,0,0,0,0,0,0,7,0,0,0,0,0,7,0,0,0,0,0,0,0,0,0,0,0,0,0,0,0
GL - OnePuttPro - 2026 - Sep 12 (1),25884371,3401019138,2026-09-23 23:45:00.0,0,0,0,0,0,0,0,0,0,0,0,0,16,0,0,0,0,0,16,0,0,0,0,0,0,0,0,0,0,0,0,0,0,0
GL - OnePuttPro - 2026 - Sep 12 (1),25884371,3401019138,2026-09-24 02:30:00.0,0,0,0,0,0,0,0,0,0,0,0,0,16,0,0,0,0,0,16,0,0,0,0,0,0,0,0,0,0,0,0,0,0,0
GL - OnePuttPro - 2026 - Sep 12 (1),25884371,3401019138,2026-09-24 00:15:00.0,0,0,0,0,0,0,0,0,0,0,0,0,18,0,0,0,0,0,18,0,0,0,0,0,0,0,0,0,0,0,0,0,0,0
GL - OnePuttPro - 2026 - Sep 12 (1),25884371,3401019138,2026-09-24 00:30:00.0,0,0,0,0,0,0,0,0,0,0,0,0,15,0,0,0,0,0,15,0,0,0,0,0,0,0,0,0,0,0,0,0,0,0
GL - OnePuttPro - 2026 - Sep 12 (1),25884371,3401019138,2026-09-24 00:45:00.0,0,0,0,0,0,0,0,0,0,0,0,0,11,0,0,0,0,0,11,0,0,0,0,0,0,0,0,0,0,0,0,0,0,0
GL - OnePuttPro - 2026 - Sep 12 (1),25884371,3401019138,2026-09-24 01:00:00.0,0,0,0,0,0,0,0,0,0,0,0,0,17,0,0,0,0,0,17,0,0,0,0,0,0,0,0,0,0,0,0,0,0,0
GL - OnePuttPro - 2026 - Sep 12 (1),25884371,3401019138,2026-09-24 01:15:01.0,0,0,0,0,0,0,0,0,0,0,0,0,21,0,0,0,0,0,21,0,0,0,0,0,0,0,0,0,0,0,0,0,0,0
GL - OnePuttPro - 2026 - Sep 12 (1),25884371,3401019138,2026-09-24 01:30:00.0,0,0,0,0,0,0,0,0,0,0,0,0,11,0,0,0,0,0,11,0,0,0,0,0,0,0,0,0,0,0,0,0,0,0
GL - OnePuttPro - 2026 - Sep 12 (1),25884371,3401019138,2026-09-24 01:45:00.0,0,0,0,0,0,0,0,0,0,0,0,0,9,0,0,0,0,0,9,0,0,0,0,0,0,0,0,0,0,0,0,0,0,0
GL - OnePuttPro - 2026 - Sep 12 (1),25884371,3401019138,2026-09-24 02:00:00.0,0,0,0,0,0,0,0,0,0,0,0,0,11,0,0,0,0,0,11,0,0,0,0,0,0,0,0,0,0,0,0,0,0,0
GL - OnePuttPro - 2026 - Sep 12 (1),25884371,3401019138,2026-09-24 02:15:00.0,0,0,0,0,0,0,0,0,0,0,0,0,10,0,0,0,0,0,10,0,0,0,0,0,0,0,0,0,0,0,0,0,0,0
GL - OnePuttPro - 2026 - Sep 12 (1),25884371,3401019138,2026-09-24 05:00:00.0,0,0,0,0,0,0,0,0,0,0,0,0,11,0,0,0,0,0,11,0,0,0,0,0,0,0,0,0,0,0,0,0,0,0
GL - OnePuttPro - 2026 - Sep 12 (1),25884371,3401019138,2026-09-24 02:45:00.0,0,0,0,0,0,0,0,0,0,0,0,0,11,0,0,0,0,0,11,0,0,0,0,0,0,0,0,0,0,0,0,0,0,0
GL - OnePuttPro - 2026 - Sep 12 (1),25884371,3401019138,2026-09-24 03:00:00.0,0,0,0,0,0,0,0,0,0,0,0,0,6,0,0,0,0,0,6,0,0,0,0,0,0,0,0,0,0,0,0,0,0,0
GL - OnePuttPro - 2026 - Sep 12 (1),25884371,3401019138,2026-09-24 03:15:00.0,0,0,0,0,0,0,0,0,0,0,0,0,15,0,0,0,0,0,15,0,0,0,0,0,0,0,0,0,0,0,0,0,0,0
GL - OnePuttPro - 2026 - Sep 12 (1),25884371,3401019138,2026-09-24 03:30:00.0,0,0,0,0,0,0,0,0,0,0,0,0,9,0,0,0,0,0,9,0,0,0,0,0,0,0,0,0,0,0,0,0,0,0
GL - OnePuttPro - 2026 - Sep 12 (1),25884371,3401019138,2026-09-24 03:45:00.0,0,0,0,0,0,0,0,0,0,0,0,0,9,0,0,0,0,0,9,0,0,0,0,0,0,0,0,0,0,0,0,0,0,0
GL - OnePuttPro - 2026 - Sep 12 (1),25884371,3401019138,2026-09-24 04:00:00.0,0,0,0,0,0,0,0,0,0,0,0,0,11,0,0,0,0,0,11,0,0,0,0,0,0,0,0,0,0,0,0,0,0,0
GL - OnePuttPro - 2026 - Sep 12 (1),25884371,3401019138,2026-09-24 04:15:00.0,0,0,0,0,0,0,0,0,0,0,0,0,7,0,0,0,0,0,7,0,0,0,0,0,0,0,0,0,0,0,0,0,0,0
GL - OnePuttPro - 2026 - Sep 12 (1),25884371,3401019138,2026-09-24 04:30:00.0,0,0,0,0,0,0,0,0,0,0,0,0,4,0,0,0,0,0,4,0,0,0,0,0,0,0,0,0,0,0,0,0,0,0
GL - OnePuttPro - 2026 - Sep 12 (1),25884371,3401019138,2026-09-24 04:45:00.0,0,0,0,0,0,0,0,0,0,0,0,0,12,0,0,0,0,0,12,0,0,0,0,0,0,0,0,0,0,0,0,0,0,0
GL - OnePuttPro - 2026 - Sep 12 (1),25884371,3401019138,2026-09-24 07:30:00.0,0,0,0,0,0,0,0,0,0,0,0,0,6,0,0,0,0,0,6,0,0,0,0,0,0,0,0,0,0,0,0,0,0,0
GL - OnePuttPro - 2026 - Sep 12 (1),25884371,3401019138,2026-09-24 05:15:00.0,0,0,0,0,0,0,0,0,0,0,0,0,9,0,0,0,0,0,9,0,0,0,0,0,0,0,0,0,0,0,0,0,0,0
GL - OnePuttPro - 2026 - Sep 12 (1),25884371,3401019138,2026-09-24 05:30:00.0,0,0,0,0,0,0,0,0,0,0,0,0,3,0,0,0,0,0,3,0,0,0,0,0,0,0,0,0,0,0,0,0,0,0
GL - OnePuttPro - 2026 - Sep 12 (1),25884371,3401019138,2026-09-24 05:45:00.0,0,0,0,0,0,0,0,0,0,0,0,0,10,0,0,0,0,0,10,0,0,0,0,0,0,0,0,0,0,0,0,0,0,0
GL - OnePuttPro - 2026 - Sep 12 (1),25884371,3401019138,2026-09-24 06:00:00.0,0,0,0,0,0,0,0,0,0,0,0,0,6,0,0,0,0,0,6,0,0,0,0,0,0,0,0,0,0,0,0,0,0,0
GL - OnePuttPro - 2026 - Sep 12 (1),25884371,3401019138,2026-09-24 06:15:00.0,0,0,0,0,0,0,0,0,0,0,0,0,6,0,0,0,0,0,6,0,0,0,0,0,0,0,0,0,0,0,0,0,0,0
GL - OnePuttPro - 2026 - Sep 12 (1),25884371,3401019138,2026-09-24 06:30:00.0,0,0,0,0,0,0,0,0,0,0,0,0,6,0,0,0,0,0,6,0,0,0,0,0,0,0,0,0,0,0,0,0,0,0
GL - OnePuttPro - 2026 - Sep 12 (1),25884371,3401019138,2026-09-24 06:45:00.0,0,0,0,0,0,0,0,0,0,0,0,0,9,0,0,0,0,0,9,0,0,0,0,0,0,0,0,0,0,0,0,0,0,0
GL - OnePuttPro - 2026 - Sep 12 (1),25884371,3401019138,2026-09-24 07:00:00.0,0,0,0,0,0,0,0,0,0,0,0,0,6,0,0,0,0,0,6,0,0,0,0,0,0,0,0,0,0,0,0,0,0,0
GL - OnePuttPro - 2026 - Sep 12 (1),25884371,3401019138,2026-09-24 07:15:00.0,0,0,0,0,0,0,0,0,0,0,0,0,2,0,0,0,0,0,2,0,0,0,0,0,0,0,0,0,0,0,0,0,0,0
GL - OnePuttPro - 2026 - Sep 12 (1),25884371,3401019138,2026-09-24 10:00:00.0,0,0,0,0,0,0,0,0,0,0,0,0,8,0,0,0,0,0,8,0,0,0,0,0,0,0,0,0,0,0,0,0,0,0
GL - OnePuttPro - 2026 - Sep 12 (1),25884371,3401019138,2026-09-24 07:45:00.0,0,0,0,0,0,0,0,0,0,0,0,0,7,0,0,0,0,0,7,0,0,0,0,0,0,0,0,0,0,0,0,0,0,0
GL - OnePuttPro - 2026 - Sep 12 (1),25884371,3401019138,2026-09-24 08:00:00.0,0,0,0,0,0,0,0,0,0,0,0,0,8,0,0,0,0,0,8,0,0,0,0,0,0,0,0,0,0,0,0,0,0,0
GL - OnePuttPro - 2026 - Sep 12 (1),25884371,3401019138,2026-09-24 08:15:00.0,0,0,0,0,0,0,0,0,0,0,0,0,10,0,0,0,0,0,10,0,0,0,0,0,0,0,0,0,0,0,0,0,0,0
GL - OnePuttPro - 2026 - Sep 12 (1),25884371,3401019138,2026-09-24 08:30:00.0,0,0,0,0,0,0,0,0,0,0,0,0,6,0,0,0,0,0,6,0,0,0,0,0,0,0,0,0,0,0,0,0,0,0
GL - OnePuttPro - 2026 - Sep 12 (1),25884371,3401019138,2026-09-24 08:45:00.0,0,0,0,0,0,0,0,0,0,0,0,0,4,0,0,0,0,0,4,0,0,0,0,0,0,0,0,0,0,0,0,0,0,0
GL - OnePuttPro - 2026 - Sep 12 (1),25884371,3401019138,2026-09-24 09:00:00.0,0,0,0,0,0,0,0,0,0,0,0,0,6,0,0,0,0,0,6,0,0,0,0,0,0,0,0,0,0,0,0,0,0,0
GL - OnePuttPro - 2026 - Sep 12 (1),25884371,3401019138,2026-09-24 09:15:00.0,0,0,0,0,0,0,0,0,0,0,0,0,6,0,0,0,0,0,6,0,0,0,0,0,0,0,0,0,0,0,0,0,0,0
GL - OnePuttPro - 2026 - Sep 12 (1),25884371,3401019138,2026-09-24 09:30:00.0,0,0,0,0,0,0,0,0,0,0,0,0,10,0,0,0,0,0,10,0,0,0,0,0,0,0,0,0,0,0,0,0,0,0
GL - OnePuttPro - 2026 - Sep 12 (1),25884371,3401019138,2026-09-24 09:45:00.0,0,0,0,0,0,0,0,0,0,0,0,0,12,0,0,0,0,0,12,0,0,0,0,0,0,0,0,0,0,0,0,0,0,0
GL - OnePuttPro - 2026 - Sep 12 (1),25884371,3401019138,2026-09-24 12:30:00.0,0,0,0,0,0,0,0,0,0,0,0,0,13,0,0,0,0,0,13,0,0,0,0,0,0,0,0,0,0,0,0,0,0,0
GL - OnePuttPro - 2026 - Sep 12 (1),25884371,3401019138,2026-09-24 10:15:00.0,0,0,0,0,0,0,0,0,0,0,0,0,10,0,0,0,0,0,10,0,0,0,0,0,0,0,0,0,0,0,0,0,0,0
GL - OnePuttPro - 2026 - Sep 12 (1),25884371,3401019138,2026-09-24 10:30:00.0,0,0,0,0,0,0,0,0,0,0,0,0,3,0,0,0,0,0,3,0,0,0,0,0,0,0,0,0,0,0,0,0,0,0
GL - OnePuttPro - 2026 - Sep 12 (1),25884371,3401019138,2026-09-24 10:45:00.0,0,0,0,0,0,0,0,0,0,0,0,0,8,0,0,0,0,0,8,0,0,0,0,0,0,0,0,0,0,0,0,0,0,0
GL - OnePuttPro - 2026 - Sep 12 (1),25884371,3401019138,2026-09-24 11:00:00.0,0,0,0,0,0,0,0,0,0,0,0,0,8,0,0,0,0,0,8,0,0,0,0,0,0,0,0,0,0,0,0,0,0,0
GL - OnePuttPro - 2026 - Sep 12 (1),25884371,3401019138,2026-09-24 11:15:00.0,0,0,0,0,0,0,0,0,0,0,0,0,7,0,0,0,0,0,7,0,0,0,0,0,0,0,0,0,0,0,0,0,0,0
GL - OnePuttPro - 2026 - Sep 12 (1),25884371,3401019138,2026-09-24 11:30:00.0,0,0,0,0,0,0,0,0,0,0,0,0,6,0,0,0,0,0,6,0,0,0,0,0,0,0,0,0,0,0,0,0,0,0
GL - OnePuttPro - 2026 - Sep 12 (1),25884371,3401019138,2026-09-24 11:45:00.0,0,0,0,0,0,0,0,0,0,0,0,0,7,0,0,0,0,0,7,0,0,0,0,0,0,0,0,0,0,0,0,0,0,0
GL - OnePuttPro - 2026 - Sep 12 (1),25884371,3401019138,2026-09-24 12:00:00.0,0,0,0,0,0,0,0,0,0,0,0,0,6,0,0,0,0,0,6,0,0,0,0,0,0,0,0,0,0,0,0,0,0,0
GL - OnePuttPro - 2026 - Sep 12 (1),25884371,3401019138,2026-09-24 12:15:00.0,0,0,0,0,0,0,0,0,0,0,0,0,9,0,0,0,0,0,9,0,0,0,0,0,0,0,0,0,0,0,0,0,0,0
GL - OnePuttPro - 2026 - Sep 12 (1),25884371,3401019138,2026-09-24 15:00:00.0,0,0,0,0,0,0,0,0,0,0,0,0,8,0,0,0,0,0,8,0,0,0,0,0,0,0,0,0,0,0,0,0,0,0
GL - OnePuttPro - 2026 - Sep 12 (1),25884371,3401019138,2026-09-24 12:45:00.0,0,0,0,0,0,0,0,0,0,0,0,0,7,0,0,0,0,0,7,0,0,0,0,0,0,0,0,0,0,0,0,0,0,0
GL - OnePuttPro - 2026 - Sep 12 (1),25884371,3401019138,2026-09-24 13:00:00.0,0,0,0,0,0,0,0,0,0,0,0,0,9,0,0,0,0,0,9,0,0,0,0,0,0,0,0,0,0,0,0,0,0,0
GL - OnePuttPro - 2026 - Sep 12 (1),25884371,3401019138,2026-09-24 13:15:00.0,0,0,0,0,0,0,0,0,0,0,0,0,12,0,0,0,0,0,12,0,0,0,0,0,0,0,0,0,0,0,0,0,0,0
GL - OnePuttPro - 2026 - Sep 12 (1),25884371,3401019138,2026-09-24 13:30:00.0,0,0,0,0,0,0,0,0,0,0,0,0,5,0,0,0,0,0,5,0,0,0,0,0,0,0,0,0,0,0,0,0,0,0
GL - OnePuttPro - 2026 - Sep 12 (1),25884371,3401019138,2026-09-24 13:45:00.0,0,0,0,0,0,0,0,0,0,0,0,0,3,0,0,0,0,0,3,0,0,0,0,0,0,0,0,0,0,0,0,0,0,0
GL - OnePuttPro - 2026 - Sep 12 (1),25884371,3401019138,2026-09-24 14:00:00.0,0,0,0,0,0,0,0,0,0,0,0,0,10,0,0,0,0,0,10,0,0,0,0,0,0,0,0,0,0,0,0,0,0,0
GL - OnePuttPro - 2026 - Sep 12 (1),25884371,3401019138,2026-09-24 14:15:00.0,0,0,0,0,0,0,0,0,0,0,0,0,5,0,0,0,0,0,5,0,0,0,0,0,0,0,0,0,0,0,0,0,0,0
GL - OnePuttPro - 2026 - Sep 12 (1),25884371,3401019138,2026-09-24 14:30:00.0,0,0,0,0,0,0,0,0,0,0,0,0,6,0,0,0,0,0,6,0,0,0,0,0,0,0,0,0,0,0,0,0,0,0
GL - OnePuttPro - 2026 - Sep 12 (1),25884371,3401019138,2026-09-24 14:45:00.0,0,0,0,0,0,0,0,0,0,0,0,0,9,0,0,0,0,0,9,0,0,0,0,0,0,0,0,0,0,0,0,0,0,0
GL - OnePuttPro - 2026 - Sep 12 (1),25884371,3401019138,2026-09-24 17:30:00.0,0,0,0,0,0,0,0,0,0,0,0,0,9,0,0,0,0,0,9,0,0,0,0,0,0,0,0,0,0,0,0,0,0,0
GL - OnePuttPro - 2026 - Sep 12 (1),25884371,3401019138,2026-09-24 15:15:00.0,0,0,0,0,0,0,0,0,0,0,0,0,5,0,0,0,0,0,5,0,0,0,0,0,0,0,0,0,0,0,0,0,0,0
GL - OnePuttPro - 2026 - Sep 12 (1),25884371,3401019138,2026-09-24 15:30:00.0,0,0,0,0,0,0,0,0,0,0,0,0,8,0,0,0,0,0,8,0,0,0,0,0,0,0,0,0,0,0,0,0,0,0
GL - OnePuttPro - 2026 - Sep 12 (1),25884371,3401019138,2026-09-24 15:45:00.0,0,0,0,0,0,0,0,0,0,0,0,0,8,0,0,0,0,0,8,0,0,0,0,0,0,0,0,0,0,0,0,0,0,0
GL - OnePuttPro - 2026 - Sep 12 (1),25884371,3401019138,2026-09-24 16:00:00.0,0,0,0,0,0,0,0,0,0,0,0,0,7,0,0,0,0,0,7,0,0,0,0,0,0,0,0,0,0,0,0,0,0,0
GL - OnePuttPro - 2026 - Sep 12 (1),25884371,3401019138,2026-09-24 16:15:00.0,0,0,0,0,0,0,0,0,0,0,0,0,11,0,0,0,0,0,11,0,0,0,0,0,0,0,0,0,0,0,0,0,0,0
GL - OnePuttPro - 2026 - Sep 12 (1),25884371,3401019138,2026-09-24 16:30:00.0,0,0,0,0,0,0,0,0,0,0,0,0,10,0,0,0,0,0,10,0,0,0,0,0,0,0,0,0,0,0,0,0,0,0
GL - OnePuttPro - 2026 - Sep 12 (1),25884371,3401019138,2026-09-24 16:45:00.0,0,0,0,0,0,0,0,0,0,0,0,0,4,0,0,0,0,0,4,0,0,0,0,0,0,0,0,0,0,0,0,0,0,0
GL - OnePuttPro - 2026 - Sep 12 (1),25884371,3401019138,2026-09-24 17:00:00.0,0,0,0,0,0,0,0,0,0,0,0,0,6,0,0,0,0,0,6,0,0,0,0,0,0,0,0,0,0,0,0,0,0,0
GL - OnePuttPro - 2026 - Sep 12 (1),25884371,3401019138,2026-09-24 17:15:00.0,0,0,0,0,0,0,0,0,0,0,0,0,8,0,0,0,0,0,8,0,0,0,0,0,0,0,0,0,0,0,0,0,0,0
GL - OnePuttPro - 2026 - Sep 12 (1),25884371,3401019138,2026-09-24 20:00:00.0,0,0,0,0,0,0,0,0,0,0,0,0,11,0,0,0,0,0,11,0,0,0,0,0,0,0,0,0,0,0,0,0,0,0
GL - OnePuttPro - 2026 - Sep 12 (1),25884371,3401019138,2026-09-24 17:45:00.0,0,0,0,0,0,0,0,0,0,0,0,0,10,0,0,0,0,0,10,0,0,0,0,0,0,0,0,0,0,0,0,0,0,0
GL - OnePuttPro - 2026 - Sep 12 (1),25884371,3401019138,2026-09-24 18:00:00.0,0,0,0,0,0,0,0,0,0,0,0,0,9,0,0,0,0,0,9,0,0,0,0,0,0,0,0,0,0,0,0,0,0,0
GL - OnePuttPro - 2026 - Sep 12 (1),25884371,3401019138,2026-09-24 18:15:00.0,0,0,0,0,0,0,0,0,0,0,0,0,7,0,0,0,0,0,7,0,0,0,0,0,0,0,0,0,0,0,0,0,0,0
GL - OnePuttPro - 2026 - Sep 12 (1),25884371,3401019138,2026-09-24 18:30:00.0,0,0,0,0,0,0,0,0,0,0,0,0,12,0,0,0,0,0,12,0,0,0,0,0,0,0,0,0,0,0,0,0,0,0
GL - OnePuttPro - 2026 - Sep 12 (1),25884371,3401019138,2026-09-24 18:45:00.0,0,0,0,0,0,0,0,0,0,0,0,0,9,0,0,0,0,0,9,0,0,0,0,0,0,0,0,0,0,0,0,0,0,0
GL - OnePuttPro - 2026 - Sep 12 (1),25884371,3401019138,2026-09-24 19:00:00.0,0,0,0,0,0,0,0,0,0,0,0,0,9,0,0,0,0,0,9,0,0,0,0,0,0,0,0,0,0,0,0,0,0,0
GL - OnePuttPro - 2026 - Sep 12 (1),25884371,3401019138,2026-09-24 19:15:00.0,0,0,0,0,0,0,0,0,0,0,0,0,8,0,0,0,0,0,8,0,0,0,0,0,0,0,0,0,0,0,0,0,0,0
GL - OnePuttPro - 2026 - Sep 12 (1),25884371,3401019138,2026-09-24 19:30:00.0,0,0,0,0,0,0,0,0,0,0,0,0,6,0,0,0,0,0,6,0,0,0,0,0,0,0,0,0,0,0,0,0,0,0
GL - OnePuttPro - 2026 - Sep 12 (1),25884371,3401019138,2026-09-24 19:45:00.0,0,0,0,0,0,0,0,0,0,0,0,0,4,0,0,0,0,0,4,0,0,0,0,0,0,0,0,0,0,0,0,0,0,0
GL - OnePuttPro - 2026 - Sep 12 (1),25884371,3401019138,2026-09-24 22:30:00.0,0,0,0,0,0,0,0,0,0,0,0,0,4,0,0,0,0,0,4,0,0,0,0,0,0,0,0,0,0,0,0,0,0,0
GL - OnePuttPro - 2026 - Sep 12 (1),25884371,3401019138,2026-09-24 20:15:00.0,0,0,0,0,0,0,0,0,0,0,0,0,6,0,0,0,0,0,6,0,0,0,0,0,0,0,0,0,0,0,0,0,0,0
GL - OnePuttPro - 2026 - Sep 12 (1),25884371,3401019138,2026-09-24 20:30:00.0,0,0,0,0,0,0,0,0,0,0,0,0,11,0,0,0,0,0,11,0,0,0,0,0,0,0,0,0,0,0,0,0,0,0
GL - OnePuttPro - 2026 - Sep 12 (1),25884371,3401019138,2026-09-24 20:45:00.0,0,0,0,0,0,0,0,0,0,0,0,0,7,0,0,0,0,0,7,0,0,0,0,0,0,0,0,0,0,0,0,0,0,0
GL - OnePuttPro - 2026 - Sep 12 (1),25884371,3401019138,2026-09-24 21:00:00.0,0,0,0,0,0,0,0,0,0,0,0,0,3,0,0,0,0,0,3,0,0,0,0,0,0,0,0,0,0,0,0,0,0,0
GL - OnePuttPro - 2026 - Sep 12 (1),25884371,3401019138,2026-09-24 21:15:00.0,0,0,0,0,0,0,0,0,0,0,0,0,5,0,0,0,0,0,5,0,0,0,0,0,0,0,0,0,0,0,0,0,0,0
GL - OnePuttPro - 2026 - Sep 12 (1),25884371,3401019138,2026-09-24 21:30:00.0,0,0,0,0,0,0,0,0,0,0,0,0,10,0,0,0,0,0,10,0,0,0,0,0,0,0,0,0,0,0,0,0,0,0
GL - OnePuttPro - 2026 - Sep 12 (1),25884371,3401019138,2026-09-24 21:45:00.0,0,0,0,0,0,0,0,0,0,0,0,0,7,0,0,0,0,0,7,0,0,0,0,0,0,0,0,0,0,0,0,0,0,0
GL - OnePuttPro - 2026 - Sep 12 (1),25884371,3401019138,2026-09-24 22:00:00.0,0,0,0,0,0,0,0,0,0,0,0,0,7,0,0,0,0,0,7,0,0,0,0,0,0,0,0,0,0,0,0,0,0,0
GL - OnePuttPro - 2026 - Sep 12 (1),25884371,3401019138,2026-09-24 22:15:00.0,0,0,0,0,0,0,0,0,0,0,0,0,8,0,0,0,0,0,8,0,0,0,0,0,0,0,0,0,0,0,0,0,0,0
GL - OnePuttPro - 2026 - Sep 12 (1),25884371,3401019138,2026-09-25 01:00:00.0,0,0,0,0,0,0,0,0,0,0,0,0,17,0,0,0,0,0,17,0,0,0,0,0,0,0,0,0,0,0,0,0,0,0
GL - OnePuttPro - 2026 - Sep 12 (1),25884371,3401019138,2026-09-24 22:45:00.0,0,0,0,0,0,0,0,0,0,0,0,0,13,0,0,0,0,0,13,0,0,0,0,0,0,0,0,0,0,0,0,0,0,0
GL - OnePuttPro - 2026 - Sep 12 (1),25884371,3401019138,2026-09-24 23:00:00.0,0,0,0,0,0,0,0,0,0,0,0,0,12,0,0,0,0,0,12,0,0,0,0,0,0,0,0,0,0,0,0,0,0,0
GL - OnePuttPro - 2026 - Sep 12 (1),25884371,3401019138,2026-09-24 23:15:00.0,0,0,0,0,0,0,0,0,0,0,0,0,10,0,0,0,0,0,10,0,0,0,0,0,0,0,0,0,0,0,0,0,0,0
GL - OnePuttPro - 2026 - Sep 12 (1),25884371,3401019138,2026-09-24 23:30:00.0,0,0,0,0,0,0,0,0,0,0,0,0,16,0,0,0,0,0,16,0,0,0,0,0,0,0,0,0,0,0,0,0,0,0
GL - OnePuttPro - 2026 - Sep 12 (1),25884371,3401019138,2026-09-24 23:45:00.0,0,0,0,0,0,0,0,0,0,0,0,0,10,0,0,0,0,0,10,0,0,0,0,0,0,0,0,0,0,0,0,0,0,0
GL - OnePuttPro - 2026 - Sep 12 (1),25884371,3401019138,2026-09-25 00:00:00.0,0,0,0,0,0,0,0,0,0,0,0,0,12,0,0,0,0,0,12,0,0,0,0,0,0,0,0,0,0,0,0,0,0,0
GL - OnePuttPro - 2026 - Sep 12 (1),25884371,3401019138,2026-09-25 00:15:00.0,0,0,0,0,0,0,0,0,0,0,0,0,17,0,0,0,0,0,17,0,0,0,0,0,0,0,0,0,0,0,0,0,0,0
GL - OnePuttPro - 2026 - Sep 12 (1),25884371,3401019138,2026-09-25 00:30:00.0,0,0,0,0,0,0,0,0,0,0,0,0,7,0,0,0,0,0,7,0,0,0,0,0,0,0,0,0,0,0,0,0,0,0
GL - OnePuttPro - 2026 - Sep 12 (1),25884371,3401019138,2026-09-25 00:45:00.0,0,0,0,0,0,0,0,0,0,0,0,0,16,0,0,0,0,0,16,0,0,0,0,0,0,0,0,0,0,0,0,0,0,0
GL - OnePuttPro - 2026 - Sep 12 (1),25884371,3401019138,2026-09-25 03:30:00.0,0,0,0,0,0,0,0,0,0,0,0,0,6,0,0,0,0,0,6,0,0,0,0,0,0,0,0,0,0,0,0,0,0,0
GL - OnePuttPro - 2026 - Sep 12 (1),25884371,3401019138,2026-09-25 01:15:00.0,0,0,0,0,0,0,0,0,0,0,0,0,12,0,0,0,0,0,12,0,0,0,0,0,0,0,0,0,0,0,0,0,0,0
GL - OnePuttPro - 2026 - Sep 12 (1),25884371,3401019138,2026-09-25 01:30:00.0,0,0,0,0,0,0,0,0,0,0,0,0,8,0,0,0,0,0,8,0,0,0,0,0,0,0,0,0,0,0,0,0,0,0
GL - OnePuttPro - 2026 - Sep 12 (1),25884371,3401019138,2026-09-25 01:45:00.0,0,0,0,0,0,0,0,0,0,0,0,0,17,0,0,0,0,0,17,0,0,0,0,0,0,0,0,0,0,0,0,0,0,0
GL - OnePuttPro - 2026 - Sep 12 (1),25884371,3401019138,2026-09-25 02:00:00.0,0,0,0,0,0,0,0,0,0,0,0,0,5,0,0,0,0,0,5,0,0,0,0,0,0,0,0,0,0,0,0,0,0,0
GL - OnePuttPro - 2026 - Sep 12 (1),25884371,3401019138,2026-09-25 02:15:00.0,0,0,0,0,0,0,0,0,0,0,0,0,7,0,0,0,0,0,7,0,0,0,0,0,0,0,0,0,0,0,0,0,0,0
GL - OnePuttPro - 2026 - Sep 12 (1),25884371,3401019138,2026-09-25 02:30:00.0,0,0,0,0,0,0,0,0,0,0,0,0,11,0,0,0,0,0,11,0,0,0,0,0,0,0,0,0,0,0,0,0,0,0
GL - OnePuttPro - 2026 - Sep 12 (1),25884371,3401019138,2026-09-25 02:45:00.0,0,0,0,0,0,0,0,0,0,0,0,0,9,0,0,0,0,0,9,0,0,0,0,0,0,0,0,0,0,0,0,0,0,0
GL - OnePuttPro - 2026 - Sep 12 (1),25884371,3401019138,2026-09-25 03:00:00.0,0,0,0,0,0,0,0,0,0,0,0,0,15,0,0,0,0,0,15,0,0,0,0,0,0,0,0,0,0,0,0,0,0,0
GL - OnePuttPro - 2026 - Sep 12 (1),25884371,3401019138,2026-09-25 03:15:00.0,0,0,0,0,0,0,0,0,0,0,0,0,6,0,0,0,0,0,6,0,0,0,0,0,0,0,0,0,0,0,0,0,0,0
GL - OnePuttPro - 2026 - Sep 12 (1),25884371,3401019138,2026-09-25 06:00:00.0,0,0,0,0,0,0,0,0,0,0,0,0,2,0,0,0,0,0,2,0,0,0,0,0,0,0,0,0,0,0,0,0,0,0
GL - OnePuttPro - 2026 - Sep 12 (1),25884371,3401019138,2026-09-25 03:45:00.0,0,0,0,0,0,0,0,0,0,0,0,0,10,0,0,0,0,0,10,0,0,0,0,0,0,0,0,0,0,0,0,0,0,0
GL - OnePuttPro - 2026 - Sep 12 (1),25884371,3401019138,2026-09-25 04:00:00.0,0,0,0,0,0,0,0,0,0,0,0,0,8,0,0,0,0,0,8,0,0,0,0,0,0,0,0,0,0,0,0,0,0,0
GL - OnePuttPro - 2026 - Sep 12 (1),25884371,3401019138,2026-09-25 04:15:00.0,0,0,0,0,0,0,0,0,0,0,0,0,7,0,0,0,0,0,7,0,0,0,0,0,0,0,0,0,0,0,0,0,0,0
GL - OnePuttPro - 2026 - Sep 12 (1),25884371,3401019138,2026-09-25 04:30:00.0,0,0,0,0,0,0,0,0,0,0,0,0,5,0,0,0,0,0,5,0,0,0,0,0,0,0,0,0,0,0,0,0,0,0
GL - OnePuttPro - 2026 - Sep 12 (1),25884371,3401019138,2026-09-25 04:45:00.0,0,0,0,0,0,0,0,0,0,0,0,0,10,0,0,0,0,0,10,0,0,0,0,0,0,0,0,0,0,0,0,0,0,0
GL - OnePuttPro - 2026 - Sep 12 (1),25884371,3401019138,2026-09-25 05:00:00.0,0,0,0,0,0,0,0,0,0,0,0,0,5,0,0,0,0,0,5,0,0,0,0,0,0,0,0,0,0,0,0,0,0,0
GL - OnePuttPro - 2026 - Sep 12 (1),25884371,3401019138,2026-09-25 05:15:00.0,0,0,0,0,0,0,0,0,0,0,0,0,6,0,0,0,0,0,6,0,0,0,0,0,0,0,0,0,0,0,0,0,0,0
GL - OnePuttPro - 2026 - Sep 12 (1),25884371,3401019138,2026-09-25 05:30:00.0,0,0,0,0,0,0,0,0,0,0,0,0,3,0,0,0,0,0,3,0,0,0,0,0,0,0,0,0,0,0,0,0,0,0
GL - OnePuttPro - 2026 - Sep 12 (1),25884371,3401019138,2026-09-25 05:45:00.0,0,0,0,0,0,0,0,0,0,0,0,0,6,0,0,0,0,0,6,0,0,0,0,0,0,0,0,0,0,0,0,0,0,0
GL - OnePuttPro - 2026 - Sep 12 (1),25884371,3401019138,2026-09-25 08:30:00.0,0,0,0,0,0,0,0,0,0,0,0,0,9,0,0,0,0,0,9,0,0,0,0,0,0,0,0,0,0,0,0,0,0,0
GL - OnePuttPro - 2026 - Sep 12 (1),25884371,3401019138,2026-09-25 06:15:00.0,0,0,0,0,0,0,0,0,0,0,0,0,6,0,0,0,0,0,6,0,0,0,0,0,0,0,0,0,0,0,0,0,0,0
GL - OnePuttPro - 2026 - Sep 12 (1),25884371,3401019138,2026-09-25 06:30:00.0,0,0,0,0,0,0,0,0,0,0,0,0,4,0,0,0,0,0,4,0,0,0,0,0,0,0,0,0,0,0,0,0,0,0
GL - OnePuttPro - 2026 - Sep 12 (1),25884371,3401019138,2026-09-25 06:45:00.0,0,0,0,0,0,0,0,0,0,0,0,0,6,0,0,0,0,0,6,0,0,0,0,0,0,0,0,0,0,0,0,0,0,0
GL - OnePuttPro - 2026 - Sep 12 (1),25884371,3401019138,2026-09-25 07:00:04.0,0,0,0,0,0,0,0,0,0,0,0,0,5,0,0,0,0,0,5,0,0,0,0,0,0,0,0,0,0,0,0,0,0,0
GL - OnePuttPro - 2026 - Sep 12 (1),25884371,3401019138,2026-09-25 07:15:00.0,0,0,0,0,0,0,0,0,0,0,0,0,6,0,0,0,0,0,6,0,0,0,0,0,0,0,0,0,0,0,0,0,0,0
GL - OnePuttPro - 2026 - Sep 12 (1),25884371,3401019138,2026-09-25 07:30:00.0,0,0,0,0,0,0,0,0,0,0,0,0,8,0,0,0,0,0,8,0,0,0,0,0,0,0,0,0,0,0,0,0,0,0
GL - OnePuttPro - 2026 - Sep 12 (1),25884371,3401019138,2026-09-25 07:45:00.0,0,0,0,0,0,0,0,0,0,0,0,0,6,0,0,0,0,0,6,0,0,0,0,0,0,0,0,0,0,0,0,0,0,0
GL - OnePuttPro - 2026 - Sep 12 (1),25884371,3401019138,2026-09-25 08:00:00.0,0,0,0,0,0,0,0,0,0,0,0,0,7,0,0,0,0,0,7,0,0,0,0,0,0,0,0,0,0,0,0,0,0,0
GL - OnePuttPro - 2026 - Sep 12 (1),25884371,3401019138,2026-09-25 08:15:00.0,0,0,0,0,0,0,0,0,0,0,0,0,7,0,0,0,0,0,7,0,0,0,0,0,0,0,0,0,0,0,0,0,0,0
GL - OnePuttPro - 2026 - Sep 12 (1),25884371,3401019138,2026-09-25 11:00:00.0,0,0,0,0,0,0,0,0,0,0,0,0,11,0,0,0,0,0,11,0,0,0,0,0,0,0,0,0,0,0,0,0,0,0
GL - OnePuttPro - 2026 - Sep 12 (1),25884371,3401019138,2026-09-25 08:45:00.0,0,0,0,0,0,0,0,0,0,0,0,0,13,0,0,0,0,0,13,0,0,0,0,0,0,0,0,0,0,0,0,0,0,0
GL - OnePuttPro - 2026 - Sep 12 (1),25884371,3401019138,2026-09-25 09:00:00.0,0,0,0,0,0,0,0,0,0,0,0,0,9,0,0,0,0,0,9,0,0,0,0,0,0,0,0,0,0,0,0,0,0,0
GL - OnePuttPro - 2026 - Sep 12 (1),25884371,3401019138,2026-09-25 09:15:00.0,0,0,0,0,0,0,0,0,0,0,0,0,6,0,0,0,0,0,6,0,0,0,0,0,0,0,0,0,0,0,0,0,0,0
GL - OnePuttPro - 2026 - Sep 12 (1),25884371,3401019138,2026-09-25 09:30:00.0,0,0,0,0,0,0,0,0,0,0,0,0,6,0,0,0,0,0,6,0,0,0,0,0,0,0,0,0,0,0,0,0,0,0
GL - OnePuttPro - 2026 - Sep 12 (1),25884371,3401019138,2026-09-25 09:45:00.0,0,0,0,0,0,0,0,0,0,0,0,0,4,0,0,0,0,0,4,0,0,0,0,0,0,0,0,0,0,0,0,0,0,0
GL - OnePuttPro - 2026 - Sep 12 (1),25884371,3401019138,2026-09-25 10:00:00.0,0,0,0,0,0,0,0,0,0,0,0,0,5,0,0,0,0,0,5,0,0,0,0,0,0,0,0,0,0,0,0,0,0,0
GL - OnePuttPro - 2026 - Sep 12 (1),25884371,3401019138,2026-09-25 10:45:00.0,0,0,0,0,0,0,0,0,0,0,0,0,10,0,0,0,0,0,10,0,0,0,0,0,0,0,0,0,0,0,0,0,0,0
GL - OnePuttPro - 2026 - Sep 12 (1),25884371,3401019138,2026-09-25 10:15:00.0,0,0,0,0,0,0,0,0,0,0,0,0,5,0,0,0,0,0,5,0,0,0,0,0,0,0,0,0,0,0,0,0,0,0
GL - OnePuttPro - 2026 - Sep 12 (1),25884371,3401019138,2026-09-25 10:30:00.0,0,0,0,0,0,0,0,0,0,0,0,0,6,0,0,0,0,0,6,0,0,0,0,0,0,0,0,0,0,0,0,0,0,0
GL - OnePuttPro - 2026 - Sep 12 (1),25884371,3401019138,2026-09-25 11:45:00.0,0,0,0,0,0,0,0,0,0,0,0,0,7,0,0,0,0,0,7,0,0,0,0,0,0,0,0,0,0,0,0,0,0,0
GL - OnePuttPro - 2026 - Sep 12 (1),25884371,3401019138,2026-09-25 11:30:00.0,0,0,0,0,0,0,0,0,0,0,0,0,5,0,0,0,0,0,5,0,0,0,0,0,0,0,0,0,0,0,0,0,0,0
GL - OnePuttPro - 2026 - Sep 12 (1),25884371,3401019138,2026-09-25 11:15:00.0,0,0,0,0,0,0,0,0,0,0,0,0,7,0,0,0,0,0,7,0,0,0,0,0,0,0,0,0,0,0,0,0,0,0
